funcionario_id,departamento,cargo,idade,sexo,tempo_empresa_meses,salario_mensal,satisfacao_trabalho,satisfacao_ambiente,equilibrio_vida_trabalho,promovido_ultimos_2anos,horas_extras_mes,num_projetos,avaliacao_desempenho,saiu_da_empresa,data_admissao,data_saida
FUN-00001,Operações,Gerente,30,F,2,16242.07,1.0,3,3,0,14,6,3.8,0,2024-10-02,
FUN-00002,Vendas,Pleno,28,M,43,6746.7,2.0,3,2,0,12,7,3.9,0,2021-05-21,
FUN-00003,Operações,Júnior,30,M,37,4179.58,4.0,1,1,1,0,7,4.6,0,2021-11-17,
FUN-00004,RH,Pleno,25,F,91,6689.83,1.0,2,2,0,1,6,4.7,0,2017-06-11,
FUN-00005,Suporte,Sênior,36,F,68,9830.24,3.0,3,1,0,0,4,4.0,0,2019-05-02,
FUN-00006,Engenharia,Coordenador,44,F,48,13080.02,4.0,3,4,0,8,1,3.1,1,2020-12-22,2024-12-01
FUN-00007,Marketing,Sênior,42,M,64,11921.61,1.0,5,4,0,13,4,3.7,0,2019-08-30,
FUN-00008,Vendas,Sênior,24,F,54,8908.99,2.0,4,2,1,13,6,3.9,0,2020-06-25,
FUN-00009,Engenharia,Sênior,40,M,14,8880.35,5.0,5,2,0,7,4,3.9,0,2023-10-08,
FUN-00010,Engenharia,Pleno,22,M,65,7004.74,4.0,1,2,1,4,7,3.8,0,2019-07-31,
FUN-00011,Suporte,Sênior,22,F,22,12425.18,2.0,2,4,0,0,1,2.8,0,2023-02-10,
FUN-00012,RH,Sênior,24,F,11,8296.92,4.0,4,3,1,13,1,2.8,0,2024-01-06,
FUN-00013,Produto,Sênior,38,M,53,10744.54,4.0,3,1,0,13,2,3.9,0,2020-07-25,
FUN-00014,Engenharia,Júnior,30,F,42,3634.94,4.0,2,1,0,7,1,4.1,1,2021-06-20,2024-12-01
FUN-00015,Marketing,Pleno,29,F,44,7876.95,2.0,3,3,0,0,6,4.4,0,2021-04-21,
FUN-00016,RH,Pleno,35,M,1,7245.93,2.0,4,1,0,7,5,1.8,0,2024-11-01,
FUN-00017,Suporte,Sênior,35,M,26,10953.1,2.0,2,2,1,6,3,3.6,1,2022-10-13,2024-12-01
FUN-00018,Engenharia,Sênior,32,M,60,12188.66,4.0,3,1,0,8,4,3.4,0,2019-12-28,
FUN-00019,Suporte,Gerente,39,M,53,19591.03,4.0,4,1,0,14,5,3.5,0,2020-07-25,
FUN-00020,Marketing,Sênior,31,M,68,8787.64,3.0,1,3,0,16,3,3.4,0,2019-05-02,
FUN-00021,Financeiro,Júnior,33,F,19,3777.09,2.0,2,3,0,6,4,4.0,1,2023-05-11,2024-12-01
FUN-00022,Financeiro,Pleno,38,F,39,4919.66,2.0,1,4,0,5,4,3.2,1,2021-09-18,2024-12-01
FUN-00023,RH,Sênior,22,F,9,13342.41,2.0,2,2,0,12,6,2.1,0,2024-03-06,
FUN-00024,Produto,Júnior,36,F,36,3825.01,3.0,5,3,0,6,7,3.4,0,2021-12-17,
FUN-00025,Suporte,Gerente,35,M,43,27979.25,2.0,4,1,0,10,3,3.4,0,2021-05-21,
FUN-00026,Operações,Júnior,34,M,43,3642.58,4.0,2,5,1,15,1,3.9,0,2021-05-21,
FUN-00027,Operações,Sênior,36,F,31,11344.72,2.0,3,3,0,17,3,3.4,0,2022-05-16,
FUN-00028,RH,Sênior,40,F,3,12544.96,2.0,1,4,1,14,3,4.2,1,2024-09-02,2024-12-01
FUN-00029,Engenharia,Júnior,22,F,53,3810.69,4.0,2,1,0,8,5,4.4,0,2020-07-25,
FUN-00030,Produto,Coordenador,27,F,1,15227.14,,2,3,0,0,4,3.8,0,2024-11-01,
FUN-00031,Produto,Sênior,34,M,61,13357.29,2.0,4,2,0,9,4,3.4,0,2019-11-28,
FUN-00032,Financeiro,Sênior,28,M,50,12018.06,2.0,4,1,0,2,1,4.8,0,2020-10-23,
FUN-00033,Suporte,Sênior,33,M,28,12334.88,2.0,1,2,1,7,7,3.4,1,2022-08-14,2024-12-01
FUN-00034,RH,Júnior,33,F,3,3307.77,1.0,4,2,0,4,2,4.2,1,2024-09-02,2024-12-01
FUN-00035,Suporte,Coordenador,30,M,42,11163.67,3.0,2,3,1,19,4,3.0,0,2021-06-20,
FUN-00036,Financeiro,Pleno,38,M,1,7350.24,5.0,3,2,0,6,5,3.2,0,2024-11-01,
FUN-00037,Engenharia,Pleno,35,M,69,5571.33,4.0,2,3,0,18,5,4.0,0,2019-04-02,
FUN-00038,Engenharia,Pleno,26,F,10,5933.61,3.0,4,2,0,14,6,3.7,1,2024-02-05,2024-12-01
FUN-00039,Produto,Sênior,25,F,1,11855.13,4.0,1,2,1,0,5,3.2,0,2024-11-01,
FUN-00040,Produto,Sênior,34,M,43,10888.68,4.0,1,2,0,9,1,3.7,1,2021-05-21,2024-12-01
FUN-00041,Vendas,Gerente,41,F,27,17232.5,5.0,2,4,1,16,4,3.1,0,2022-09-13,
FUN-00042,Suporte,Sênior,34,F,32,11960.34,2.0,2,3,1,9,3,3.8,0,2022-04-16,
FUN-00043,Financeiro,Gerente,32,M,47,19270.6,4.0,3,2,0,0,2,4.6,0,2021-01-21,
FUN-00044,RH,Sênior,31,M,12,11359.26,2.0,5,3,0,18,3,4.3,0,2023-12-07,
FUN-00045,Marketing,Sênior,33,F,34,10943.26,3.0,2,4,1,15,1,2.9,0,2022-02-15,
FUN-00046,Operações,Sênior,23,M,43,9375.88,3.0,1,1,1,0,3,4.4,1,2021-05-21,2024-12-01
FUN-00047,Marketing,Pleno,30,F,62,5532.66,3.0,4,3,0,9,5,4.7,0,2019-10-29,
FUN-00048,Marketing,Pleno,28,M,28,7279.41,3.0,2,2,0,11,4,3.6,0,2022-08-14,
FUN-00049,Vendas,Júnior,44,M,53,4069.28,3.0,2,2,1,7,6,2.5,0,2020-07-25,
FUN-00050,Suporte,Sênior,22,M,35,8757.7,3.0,3,2,0,12,4,3.7,1,2022-01-16,2024-12-01
FUN-00051,Operações,Júnior,30,M,54,5291.82,3.0,2,2,0,7,7,4.3,1,2020-06-25,2024-12-01
FUN-00052,Operações,Coordenador,31,F,54,13549.94,,5,2,1,16,2,3.9,1,2020-06-25,2024-12-01
FUN-00053,Vendas,Júnior,47,M,33,3569.99,2.0,2,2,0,14,7,3.6,1,2022-03-17,2024-12-01
FUN-00054,Financeiro,Coordenador,32,M,86,15101.45,2.0,3,1,0,3,7,3.7,0,2017-11-08,
FUN-00055,Financeiro,Sênior,27,M,22,11260.43,5.0,5,1,0,0,5,3.3,0,2023-02-10,
FUN-00056,RH,Júnior,26,F,19,4378.55,3.0,1,2,0,12,5,4.2,0,2023-05-11,
FUN-00057,Vendas,Sênior,30,F,43,10049.3,4.0,3,2,1,16,4,3.3,0,2021-05-21,
FUN-00058,Suporte,Pleno,31,M,3,7129.52,5.0,2,2,0,13,7,2.9,0,2024-09-02,
FUN-00059,Suporte,Gerente,23,M,42,20689.91,2.0,3,1,1,0,2,3.9,0,2021-06-20,
FUN-00060,RH,Júnior,29,M,74,4885.19,4.0,2,2,0,1,1,4.2,0,2018-11-03,
FUN-00061,RH,Pleno,27,F,23,7496.45,4.0,4,3,0,5,3,3.5,0,2023-01-11,
FUN-00062,Marketing,Coordenador,34,M,34,12997.34,4.0,3,3,0,5,4,3.7,1,2022-02-15,2024-12-01
FUN-00063,Engenharia,Sênior,27,F,35,12134.2,1.0,3,5,0,4,5,3.3,1,2022-01-16,2024-12-01
FUN-00064,Produto,Sênior,41,M,40,10363.4,3.0,1,2,1,4,2,3.4,0,2021-08-19,
FUN-00065,Suporte,Sênior,36,M,61,10119.1,3.0,2,1,0,9,5,2.6,0,2019-11-28,
FUN-00066,Engenharia,Coordenador,35,F,43,12641.77,4.0,3,2,0,13,4,3.8,0,2021-05-21,
FUN-00067,RH,Pleno,24,F,71,8462.09,,1,2,1,11,2,3.1,0,2019-02-01,
FUN-00068,Marketing,Júnior,28,M,63,3671.24,2.0,3,1,0,4,3,2.4,1,2019-09-29,2024-12-01
FUN-00069,RH,Sênior,32,M,26,11348.8,4.0,3,3,0,3,4,3.7,0,2022-10-13,
FUN-00070,RH,Gerente,36,F,25,14171.76,2.0,4,4,0,0,4,3.6,0,2022-11-12,
FUN-00071,Financeiro,Sênior,34,F,40,9268.59,4.0,2,2,0,6,1,2.5,0,2021-08-19,
FUN-00072,Vendas,Pleno,30,M,43,8290.68,4.0,4,2,0,0,4,3.7,0,2021-05-21,
FUN-00073,Operações,Pleno,33,F,1,6095.42,4.0,4,2,1,1,7,5.0,1,2024-11-01,2024-12-01
FUN-00074,Operações,Sênior,37,F,24,9380.2,3.0,3,2,0,3,7,2.8,0,2022-12-12,
FUN-00075,Suporte,Pleno,22,M,18,5531.77,2.0,3,3,1,5,3,4.3,0,2023-06-10,
FUN-00076,Marketing,Pleno,23,F,1,5677.3,2.0,2,2,0,13,2,3.9,0,2024-11-01,
FUN-00077,RH,Coordenador,34,M,28,11721.81,4.0,4,2,0,5,2,3.7,0,2022-08-14,
FUN-00078,Suporte,Sênior,26,M,59,9631.6,2.0,5,4,0,17,3,3.8,0,2020-01-27,
FUN-00079,Suporte,Pleno,33,M,38,7047.38,2.0,3,1,1,7,7,3.2,0,2021-10-18,
FUN-00080,RH,Pleno,32,F,26,7131.86,3.0,5,2,1,8,7,4.1,0,2022-10-13,
FUN-00081,Operações,Pleno,31,F,36,8002.45,4.0,4,4,0,0,2,3.6,1,2021-12-17,2024-12-01
FUN-00082,Operações,Sênior,33,M,24,11280.83,2.0,3,2,0,10,5,4.3,0,2022-12-12,
FUN-00083,Vendas,Sênior,37,M,56,10290.34,3.0,3,2,0,7,3,3.2,0,2020-04-26,
FUN-00084,Operações,Coordenador,22,F,32,16091.83,3.0,1,2,0,11,1,3.2,1,2022-04-16,2024-12-01
FUN-00085,Engenharia,Júnior,38,F,21,3668.56,4.0,3,3,0,8,3,1.6,0,2023-03-12,
FUN-00086,Financeiro,Sênior,29,M,1,11455.99,2.0,5,1,0,21,6,1.0,0,2024-11-01,
FUN-00087,Financeiro,Júnior,47,F,6,5860.37,4.0,3,5,1,6,4,3.4,0,2024-06-04,
FUN-00088,Engenharia,Coordenador,38,M,32,12205.33,4.0,2,1,0,2,6,4.2,1,2022-04-16,2024-12-01
FUN-00089,Suporte,Pleno,26,F,44,6639.32,5.0,3,2,0,14,2,2.9,0,2021-04-21,
FUN-00090,Marketing,Pleno,31,M,1,6317.92,3.0,3,3,1,2,3,3.8,0,2024-11-01,
FUN-00091,Marketing,Sênior,32,M,48,10927.87,3.0,2,1,0,6,2,3.4,0,2020-12-22,
FUN-00092,Produto,Sênior,28,M,1,10682.53,4.0,2,3,0,9,1,3.6,0,2024-11-01,
FUN-00093,Marketing,Júnior,23,F,28,4276.51,3.0,3,5,0,7,7,4.3,1,2022-08-14,2024-12-01
FUN-00094,Produto,Pleno,31,F,25,7065.39,2.0,5,2,0,5,5,2.0,0,2022-11-12,
FUN-00095,Engenharia,Pleno,38,M,1,6535.9,5.0,2,2,0,10,3,3.0,0,2024-11-01,
FUN-00096,Marketing,Pleno,51,F,54,9130.13,4.0,3,2,0,11,6,4.1,0,2020-06-25,
FUN-00097,Engenharia,Pleno,42,M,25,7492.21,3.0,3,3,0,14,3,4.2,0,2022-11-12,
FUN-00098,Suporte,Pleno,38,M,94,8518.71,4.0,5,3,0,0,4,3.4,0,2017-03-13,
FUN-00099,Marketing,Sênior,45,M,39,12493.92,2.0,1,2,0,1,2,4.1,0,2021-09-18,
FUN-00100,Suporte,Pleno,40,M,65,6835.69,5.0,4,2,1,9,4,5.0,0,2019-07-31,
FUN-00101,Engenharia,Sênior,30,M,19,12067.07,2.0,2,3,1,20,7,3.4,0,2023-05-11,
FUN-00102,Financeiro,Sênior,33,M,76,8969.36,3.0,4,4,0,5,2,3.6,1,2018-09-04,2024-12-01
FUN-00103,RH,Coordenador,32,F,30,12766.66,3.0,4,2,0,7,1,3.3,1,2022-06-15,2024-12-01
FUN-00104,Financeiro,Pleno,30,M,35,6822.37,3.0,4,3,1,5,7,3.9,0,2022-01-16,
FUN-00105,RH,Sênior,33,M,54,12729.93,3.0,3,4,0,10,2,3.8,0,2020-06-25,
FUN-00106,Marketing,Pleno,37,F,39,7429.83,1.0,4,1,0,0,1,4.2,0,2021-09-18,
FUN-00107,Vendas,Júnior,34,F,37,3345.11,4.0,3,4,0,2,6,1.9,0,2021-11-17,
FUN-00108,Vendas,Coordenador,34,F,7,12673.48,2.0,2,3,0,0,7,1.0,1,2024-05-05,2024-12-01
FUN-00109,RH,Pleno,35,M,30,4891.54,,3,1,0,14,2,4.6,0,2022-06-15,
FUN-00110,Engenharia,Júnior,38,F,1,4849.81,3.0,1,3,0,12,5,3.9,0,2024-11-01,
FUN-00111,Operações,Júnior,32,F,49,4492.26,2.0,2,2,0,15,6,3.8,1,2020-11-22,2024-12-01
FUN-00112,Financeiro,Coordenador,22,M,27,16640.31,3.0,2,3,1,5,5,2.3,0,2022-09-13,
FUN-00113,Financeiro,Sênior,30,M,45,10744.55,3.0,4,3,0,13,7,3.4,0,2021-03-22,
FUN-00114,Produto,Sênior,23,M,21,10155.77,3.0,3,2,0,8,1,3.7,1,2023-03-12,2024-12-01
FUN-00115,Produto,Sênior,23,F,1,8562.75,2.0,1,2,1,8,1,5.0,1,2024-11-01,2024-12-01
FUN-00116,Financeiro,Pleno,36,M,41,5992.25,1.0,4,3,0,10,1,3.0,0,2021-07-20,
FUN-00117,Vendas,Gerente,34,F,29,21113.59,4.0,3,4,0,8,2,2.5,0,2022-07-15,
FUN-00118,Marketing,Sênior,24,F,58,15114.37,3.0,5,2,0,11,2,3.9,0,2020-02-26,
FUN-00119,Vendas,Pleno,22,M,22,6488.22,4.0,5,2,0,5,4,2.7,1,2023-02-10,2024-12-01
FUN-00120,Operações,Júnior,35,M,18,4313.15,4.0,4,1,1,10,7,3.1,0,2023-06-10,
FUN-00121,Financeiro,Sênior,33,F,13,12410.02,2.0,2,2,0,14,4,2.7,0,2023-11-07,
FUN-00122,Engenharia,Coordenador,22,M,39,14961.93,2.0,3,2,0,0,4,,1,2021-09-18,2024-12-01
FUN-00123,Suporte,Sênior,22,F,9,12863.78,5.0,4,1,0,4,6,5.0,0,2024-03-06,
FUN-00124,RH,Pleno,23,F,42,8545.11,,2,1,1,3,6,3.0,1,2021-06-20,2024-12-01
FUN-00125,Engenharia,Júnior,40,M,45,4415.01,4.0,2,5,0,5,4,2.5,0,2021-03-22,
FUN-00126,Suporte,Júnior,45,F,52,4643.45,3.0,2,3,0,0,7,4.6,1,2020-08-24,2024-12-01
FUN-00127,Operações,Sênior,22,M,57,12487.33,3.0,2,3,1,0,3,4.8,0,2020-03-27,
FUN-00128,Operações,Júnior,34,F,39,3635.86,2.0,2,3,0,0,3,3.4,1,2021-09-18,2024-12-01
FUN-00129,Suporte,Júnior,38,M,7,3763.81,5.0,2,3,0,13,5,,0,2024-05-05,
FUN-00130,Engenharia,Sênior,25,F,48,13914.02,,2,2,0,10,7,3.3,0,2020-12-22,
FUN-00131,Engenharia,Coordenador,28,F,67,14905.67,2.0,1,1,0,17,3,4.5,1,2019-06-01,2024-12-01
FUN-00132,Financeiro,Pleno,33,M,10,5512.93,4.0,1,5,0,6,6,3.8,1,2024-02-05,2024-12-01
FUN-00133,Financeiro,Coordenador,37,F,1,17733.46,4.0,2,1,0,2,3,3.5,0,2024-11-01,
FUN-00134,Marketing,Coordenador,36,M,78,15487.63,1.0,1,4,0,2,3,2.5,0,2018-07-06,
FUN-00135,Marketing,Júnior,39,F,44,4522.81,4.0,4,5,0,10,4,2.9,0,2021-04-21,
FUN-00136,Operações,Júnior,23,F,57,4248.87,3.0,2,2,1,0,7,3.4,0,2020-03-27,
FUN-00137,Vendas,Gerente,31,M,9,23666.04,4.0,5,4,0,9,7,3.9,1,2024-03-06,2024-12-01
FUN-00138,Marketing,Júnior,40,M,17,3465.23,2.0,3,2,0,9,4,4.4,0,2023-07-10,
FUN-00139,Engenharia,Júnior,22,M,36,4355.25,3.0,4,3,0,6,5,3.6,0,2021-12-17,
FUN-00140,Suporte,Coordenador,32,M,83,15630.42,3.0,4,3,1,11,3,3.4,0,2018-02-06,
FUN-00141,Financeiro,Coordenador,31,F,1,14595.84,3.0,3,2,0,0,2,3.8,0,2024-11-01,
FUN-00142,RH,Pleno,22,M,68,6227.86,3.0,4,4,0,11,1,3.3,0,2019-05-02,
FUN-00143,Engenharia,Júnior,25,M,10,3844.46,2.0,3,4,0,9,1,3.8,0,2024-02-05,
FUN-00144,Marketing,Sênior,29,M,1,11188.68,4.0,3,1,0,0,6,3.8,0,2024-11-01,
FUN-00145,Vendas,Júnior,34,F,62,4761.21,3.0,5,3,0,2,1,4.8,1,2019-10-29,2024-12-01
FUN-00146,Operações,Pleno,30,F,33,4784.46,3.0,3,1,0,17,2,2.2,0,2022-03-17,
FUN-00147,Suporte,Sênior,45,F,39,13085.68,1.0,3,4,0,4,7,3.8,1,2021-09-18,2024-12-01
FUN-00148,Suporte,Sênior,29,F,73,10930.6,4.0,1,3,0,15,7,3.0,0,2018-12-03,
FUN-00149,Produto,Pleno,23,M,17,6237.96,4.0,4,3,0,13,4,4.7,1,2023-07-10,2024-12-01
FUN-00150,Suporte,Júnior,35,F,37,3621.02,3.0,1,2,1,11,5,2.8,0,2021-11-17,
FUN-00151,Engenharia,Júnior,28,F,44,3829.83,2.0,3,1,0,12,6,3.5,0,2021-04-21,
FUN-00152,RH,Júnior,22,M,30,4058.74,3.0,3,1,1,2,1,2.7,0,2022-06-15,
FUN-00153,RH,Pleno,26,F,59,5503.34,3.0,2,1,0,15,6,3.4,1,2020-01-27,2024-12-01
FUN-00154,Operações,Sênior,46,M,57,9964.46,5.0,3,3,0,11,5,2.5,1,2020-03-27,2024-12-01
FUN-00155,Marketing,Júnior,36,F,47,2673.73,4.0,4,2,0,7,7,2.9,0,2021-01-21,
FUN-00156,Marketing,Coordenador,26,M,87,14738.79,3.0,4,2,1,13,1,3.2,0,2017-10-09,
FUN-00157,Operações,Júnior,28,F,19,4311.66,4.0,1,1,0,1,5,4.0,0,2023-05-11,
FUN-00158,Produto,Sênior,42,F,49,10767.96,5.0,4,3,0,13,5,4.3,0,2020-11-22,
FUN-00159,Produto,Sênior,42,M,45,13136.37,2.0,1,1,0,7,4,3.2,0,2021-03-22,
FUN-00160,Engenharia,Pleno,43,M,26,6481.22,3.0,1,1,0,16,2,4.3,0,2022-10-13,
FUN-00161,Marketing,Sênior,41,M,8,10418.14,3.0,3,3,0,13,3,2.1,1,2024-04-05,2024-12-01
FUN-00162,Marketing,Pleno,22,M,19,7768.75,3.0,2,2,0,2,2,3.3,1,2023-05-11,2024-12-01
FUN-00163,Marketing,Pleno,26,M,53,6835.24,,3,2,0,1,5,2.8,0,2020-07-25,
FUN-00164,Vendas,Sênior,32,M,99,10296.55,1.0,3,3,0,14,2,3.0,0,2016-10-14,
FUN-00165,Vendas,Pleno,32,F,23,7099.7,3.0,1,2,0,14,4,5.0,0,2023-01-11,
FUN-00166,Financeiro,Júnior,36,M,47,3253.46,3.0,4,1,0,0,5,3.1,1,2021-01-21,2024-12-01
FUN-00167,Vendas,Júnior,34,M,8,4280.8,3.0,1,4,0,16,1,2.7,0,2024-04-05,
FUN-00168,Suporte,Sênior,22,F,45,11445.93,3.0,4,4,0,0,3,3.6,0,2021-03-22,
FUN-00169,Marketing,Pleno,28,F,60,7361.59,5.0,3,2,1,1,7,3.6,0,2019-12-28,
FUN-00170,Marketing,Sênior,52,F,27,12701.15,5.0,5,3,0,12,7,3.8,0,2022-09-13,
FUN-00171,Operações,Júnior,24,F,9,4334.65,4.0,1,4,0,9,6,3.7,0,2024-03-06,
FUN-00172,Marketing,Pleno,22,M,25,6647.46,2.0,3,3,0,15,2,3.9,0,2022-11-12,
FUN-00173,RH,Sênior,35,M,61,12179.98,5.0,4,5,0,10,3,2.7,0,2019-11-28,
FUN-00174,RH,Pleno,27,M,8,7104.95,2.0,3,4,0,12,5,5.0,1,2024-04-05,2024-12-01
FUN-00175,Operações,Coordenador,33,M,17,12909.83,2.0,3,2,0,14,4,2.5,0,2023-07-10,
FUN-00176,Suporte,Coordenador,39,F,44,15507.5,2.0,3,2,0,12,2,5.0,0,2021-04-21,
FUN-00177,Vendas,Sênior,31,M,80,11775.2,4.0,3,2,0,15,1,3.2,1,2018-05-07,2024-12-01
FUN-00178,Engenharia,Pleno,40,M,3,7018.88,2.0,2,2,0,11,4,4.2,0,2024-09-02,
FUN-00179,Financeiro,Júnior,45,M,65,4060.69,5.0,2,2,0,0,1,4.5,0,2019-07-31,
FUN-00180,Suporte,Júnior,25,F,56,4530.69,4.0,4,2,0,2,7,3.6,0,2020-04-26,
FUN-00181,Marketing,Pleno,32,M,34,6478.42,1.0,2,3,0,19,4,3.2,0,2022-02-15,
FUN-00182,Suporte,Gerente,23,F,9,20014.82,3.0,4,4,1,2,2,2.6,0,2024-03-06,
FUN-00183,Vendas,Gerente,28,M,67,19961.1,3.0,4,3,0,7,6,3.4,0,2019-06-01,
FUN-00184,Suporte,Sênior,27,F,21,10349.23,2.0,2,2,0,3,5,3.9,1,2023-03-12,2024-12-01
FUN-00185,Vendas,Júnior,27,F,16,3790.1,2.0,2,4,1,0,1,5.0,0,2023-08-09,
FUN-00186,Produto,Pleno,25,F,1,7298.32,3.0,1,1,0,9,1,2.5,0,2024-11-01,
FUN-00187,Engenharia,Pleno,34,F,12,9691.02,3.0,4,2,1,9,7,2.5,0,2023-12-07,
FUN-00188,Vendas,Coordenador,34,M,11,16090.97,3.0,1,1,0,15,6,3.7,1,2024-01-06,2024-12-01
FUN-00189,Produto,Sênior,32,M,61,9299.62,4.0,4,3,1,4,2,3.8,0,2019-11-28,
FUN-00190,Marketing,Sênior,30,F,41,10248.06,5.0,3,2,0,12,4,1.7,1,2021-07-20,2024-12-01
FUN-00191,Produto,Gerente,23,M,7,18130.82,3.0,3,3,0,2,4,2.8,0,2024-05-05,
FUN-00192,Vendas,Pleno,32,M,38,6260.66,4.0,5,3,0,3,5,3.2,0,2021-10-18,
FUN-00193,Marketing,Júnior,34,M,64,4075.3,3.0,3,2,0,0,6,2.8,0,2019-08-30,
FUN-00194,Financeiro,Sênior,33,F,16,12980.76,4.0,1,1,1,4,6,3.0,0,2023-08-09,
FUN-00195,Engenharia,Pleno,22,F,39,7775.61,5.0,3,3,0,4,4,3.5,0,2021-09-18,
FUN-00196,Produto,Coordenador,41,F,38,17326.47,4.0,2,2,0,9,3,4.3,0,2021-10-18,
FUN-00197,Marketing,Pleno,32,M,4,6802.1,2.0,1,4,1,11,5,3.3,0,2024-08-03,
FUN-00198,RH,Júnior,40,F,33,4144.4,4.0,3,2,0,11,4,4.7,1,2022-03-17,2024-12-01
FUN-00199,Vendas,Pleno,32,F,42,8600.45,2.0,4,4,0,5,1,2.0,0,2021-06-20,
FUN-00200,Produto,Júnior,37,M,43,4375.02,2.0,3,4,0,7,3,3.5,1,2021-05-21,2024-12-01
FUN-00201,Engenharia,Pleno,32,M,6,6385.29,1.0,1,1,0,0,6,4.6,0,2024-06-04,
FUN-00202,Vendas,Coordenador,38,F,8,7769.64,3.0,2,3,1,9,4,4.2,0,2024-04-05,
FUN-00203,Suporte,Coordenador,38,M,30,15565.58,,3,5,0,7,1,2.7,1,2022-06-15,2024-12-01
FUN-00204,Financeiro,Coordenador,29,M,1,14928.91,3.0,3,3,0,16,4,1.8,1,2024-11-01,2024-12-01
FUN-00205,Operações,Coordenador,31,M,7,13574.46,2.0,3,4,0,5,3,3.4,0,2024-05-05,
FUN-00206,Operações,Coordenador,35,M,72,15135.38,5.0,2,3,0,4,6,3.1,0,2019-01-02,
FUN-00207,Suporte,Júnior,32,M,51,5344.95,5.0,1,2,0,1,3,3.4,0,2020-09-23,
FUN-00208,Financeiro,Júnior,35,F,43,4506.22,4.0,2,2,1,3,5,3.2,0,2021-05-21,
FUN-00209,Marketing,Gerente,49,M,11,22649.31,3.0,3,3,0,3,6,4.2,0,2024-01-06,
FUN-00210,Engenharia,Pleno,32,F,1,6158.38,3.0,5,4,1,5,4,3.2,0,2024-11-01,
FUN-00211,Produto,Pleno,28,M,13,6861.32,3.0,3,3,0,0,7,1.9,0,2023-11-07,
FUN-00212,Engenharia,Sênior,26,F,55,11278.78,4.0,3,1,0,11,2,5.0,1,2020-05-26,2024-12-01
FUN-00213,Suporte,Pleno,36,F,1,8160.44,3.0,4,2,0,4,7,3.0,1,2024-11-01,2024-12-01
FUN-00214,Financeiro,Júnior,31,F,69,2800.98,4.0,3,5,0,5,4,3.5,0,2019-04-02,
FUN-00215,Marketing,Pleno,29,M,23,7486.38,4.0,4,5,0,0,5,2.1,0,2023-01-11,
FUN-00216,Vendas,Coordenador,40,F,46,14653.37,3.0,4,4,0,5,6,4.2,1,2021-02-20,2024-12-01
FUN-00217,Marketing,Pleno,36,M,63,6127.62,4.0,3,4,0,15,4,3.8,0,2019-09-29,
FUN-00218,Produto,Júnior,35,F,47,3646.26,3.0,3,2,0,15,6,4.1,1,2021-01-21,2024-12-01
FUN-00219,Suporte,Gerente,49,M,7,22716.15,5.0,4,1,0,17,6,3.2,0,2024-05-05,
FUN-00220,Vendas,Sênior,28,M,15,13127.52,3.0,4,2,1,8,1,3.8,1,2023-09-08,2024-12-01
FUN-00221,Suporte,Sênior,27,M,8,9697.08,2.0,2,1,1,14,5,3.7,0,2024-04-05,
FUN-00222,Financeiro,Sênior,23,M,49,12921.47,2.0,5,2,0,2,1,3.4,0,2020-11-22,
FUN-00223,Suporte,Sênior,39,M,57,10936.82,3.0,2,3,1,9,4,4.4,0,2020-03-27,
FUN-00224,Financeiro,Coordenador,31,F,52,14006.65,3.0,4,3,0,10,4,4.1,0,2020-08-24,
FUN-00225,Marketing,Pleno,41,F,83,8562.99,4.0,4,2,0,10,7,1.4,1,2018-02-06,2024-12-01
FUN-00226,Produto,Pleno,32,F,33,6431.27,2.0,2,1,0,10,3,3.9,0,2022-03-17,
FUN-00227,Engenharia,Júnior,36,M,66,3586.45,3.0,3,4,0,11,1,5.0,0,2019-07-01,
FUN-00228,Marketing,Júnior,30,M,63,3315.27,4.0,3,1,0,5,5,3.7,0,2019-09-29,
FUN-00229,Produto,Pleno,34,M,66,8271.11,3.0,1,3,0,9,3,3.6,0,2019-07-01,
FUN-00230,Operações,Sênior,33,M,1,11403.29,2.0,3,4,0,13,6,4.0,0,2024-11-01,
FUN-00231,Vendas,Sênior,26,F,72,11806.74,3.0,3,2,0,23,2,4.0,0,2019-01-02,
FUN-00232,Operações,Júnior,33,F,56,3529.53,3.0,4,2,0,5,5,3.0,0,2020-04-26,
FUN-00233,Engenharia,Pleno,30,F,46,5893.84,4.0,1,1,0,11,6,4.3,0,2021-02-20,
FUN-00234,Suporte,Júnior,50,M,22,3071.32,1.0,3,3,0,3,3,3.8,0,2023-02-10,
FUN-00235,Vendas,Pleno,31,F,52,6816.97,2.0,1,3,1,3,4,,0,2020-08-24,
FUN-00236,Operações,Coordenador,38,F,1,9987.94,2.0,2,3,0,7,2,3.3,0,2024-11-01,
FUN-00237,Produto,Pleno,35,M,50,6075.86,3.0,4,3,0,7,1,2.1,0,2020-10-23,
FUN-00238,Engenharia,Pleno,29,F,18,6296.77,4.0,2,4,0,9,4,3.5,1,2023-06-10,2024-12-01
FUN-00239,Marketing,Júnior,42,M,7,4149.23,2.0,4,4,1,16,6,2.9,1,2024-05-05,2024-12-01
FUN-00240,RH,Júnior,27,M,21,3524.92,5.0,4,2,1,9,1,4.5,0,2023-03-12,
FUN-00241,Engenharia,Gerente,46,M,63,21202.57,3.0,2,2,1,8,6,4.0,0,2019-09-29,
FUN-00242,Vendas,Júnior,44,F,80,5173.69,4.0,3,4,1,9,1,3.2,0,2018-05-07,
FUN-00243,Produto,Júnior,40,F,28,3324.02,3.0,4,3,0,2,1,2.3,1,2022-08-14,2024-12-01
FUN-00244,Operações,Sênior,22,M,14,8846.59,3.0,2,3,1,8,2,3.8,0,2023-10-08,
FUN-00245,Operações,Gerente,28,M,50,20852.13,3.0,1,2,0,0,4,,0,2020-10-23,
FUN-00246,Marketing,Pleno,51,M,29,5167.49,4.0,2,3,0,0,2,3.4,0,2022-07-15,
FUN-00247,Marketing,Júnior,34,F,43,4059.53,2.0,2,2,0,19,5,4.2,0,2021-05-21,
FUN-00248,Suporte,Pleno,32,F,42,5560.55,5.0,3,4,0,9,2,3.9,0,2021-06-20,
FUN-00249,RH,Pleno,27,F,12,6252.38,4.0,2,3,0,13,6,5.0,1,2023-12-07,2024-12-01
FUN-00250,Engenharia,Pleno,35,M,42,6455.11,3.0,3,3,0,10,6,3.9,0,2021-06-20,
FUN-00251,Suporte,Pleno,44,F,19,7703.92,3.0,2,2,1,13,2,3.3,0,2023-05-11,
FUN-00252,Operações,Júnior,36,F,1,4250.3,4.0,4,3,0,10,7,3.3,0,2024-11-01,
FUN-00253,Marketing,Gerente,40,F,39,23525.59,3.0,3,3,0,0,6,3.2,0,2021-09-18,
FUN-00254,Suporte,Júnior,22,F,33,4384.63,4.0,2,2,0,10,4,3.6,0,2022-03-17,
FUN-00255,Suporte,Júnior,33,F,11,4393.45,3.0,2,3,0,21,3,2.4,0,2024-01-06,
FUN-00256,Suporte,Pleno,37,M,49,6008.75,4.0,3,1,1,9,3,3.7,1,2020-11-22,2024-12-01
FUN-00257,Marketing,Sênior,31,M,48,9507.08,2.0,3,3,1,3,4,3.8,0,2020-12-22,
FUN-00258,Produto,Sênior,24,M,1,12662.21,4.0,1,1,0,14,5,4.1,0,2024-11-01,
FUN-00259,Produto,Coordenador,32,M,69,14125.26,2.0,2,2,0,11,4,1.5,1,2019-04-02,2024-12-01
FUN-00260,RH,Coordenador,37,M,3,13550.43,2.0,4,2,0,2,6,3.0,1,2024-09-02,2024-12-01
FUN-00261,Operações,Coordenador,37,F,42,14527.86,1.0,2,2,0,9,4,4.0,1,2021-06-20,2024-12-01
FUN-00262,RH,Sênior,28,M,57,9598.13,3.0,1,2,0,3,5,2.9,0,2020-03-27,
FUN-00263,Financeiro,Sênior,36,F,26,10697.03,4.0,3,3,1,1,2,3.9,0,2022-10-13,
FUN-00264,Suporte,Coordenador,24,M,44,12423.31,4.0,2,5,0,0,5,4.3,0,2021-04-21,
FUN-00265,Marketing,Gerente,44,F,10,21911.61,2.0,3,2,0,3,5,3.2,1,2024-02-05,2024-12-01
FUN-00266,Vendas,Sênior,22,F,43,10813.45,2.0,1,4,0,0,3,2.6,0,2021-05-21,
FUN-00267,RH,Sênior,32,M,59,10251.25,3.0,2,1,0,13,5,4.1,0,2020-01-27,
FUN-00268,Vendas,Coordenador,30,M,18,10678.19,3.0,4,3,0,9,5,3.4,1,2023-06-10,2024-12-01
FUN-00269,Engenharia,Júnior,30,F,63,4314.81,2.0,2,1,0,9,4,3.0,0,2019-09-29,
FUN-00270,Vendas,Sênior,27,M,1,12527.38,4.0,1,3,0,5,4,4.5,0,2024-11-01,
FUN-00271,Marketing,Pleno,33,M,21,6373.09,3.0,2,3,0,6,4,4.3,0,2023-03-12,
FUN-00272,Vendas,Júnior,37,M,4,4122.74,3.0,2,3,0,11,5,2.3,0,2024-08-03,
FUN-00273,Vendas,Júnior,35,F,45,3718.84,3.0,4,3,0,7,3,3.4,0,2021-03-22,
FUN-00274,Financeiro,Sênior,43,M,21,13022.58,4.0,1,3,0,7,1,3.6,0,2023-03-12,
FUN-00275,Vendas,Sênior,36,F,47,10502.94,1.0,3,3,0,9,3,2.6,0,2021-01-21,
FUN-00276,Financeiro,Pleno,41,F,78,7644.39,2.0,1,4,0,8,1,2.4,0,2018-07-06,
FUN-00277,Marketing,Sênior,22,M,22,12854.31,4.0,3,3,0,15,3,4.4,1,2023-02-10,2024-12-01
FUN-00278,RH,Coordenador,35,F,47,17726.06,3.0,3,2,0,17,3,4.1,0,2021-01-21,
FUN-00279,Financeiro,Gerente,37,M,16,17118.08,4.0,1,2,0,6,6,4.3,0,2023-08-09,
FUN-00280,Suporte,Pleno,26,M,17,5930.45,2.0,2,1,0,0,2,3.0,0,2023-07-10,
FUN-00281,Produto,Júnior,36,M,29,3739.08,4.0,1,4,1,9,4,3.6,0,2022-07-15,
FUN-00282,Marketing,Júnior,47,F,55,4268.6,2.0,3,2,0,15,2,,0,2020-05-26,
FUN-00283,Financeiro,Júnior,44,M,65,3854.81,5.0,3,2,0,8,1,4.8,1,2019-07-31,2024-12-01
FUN-00284,Marketing,Sênior,34,M,19,8712.06,3.0,3,2,0,8,5,2.8,0,2023-05-11,
FUN-00285,Produto,Coordenador,35,M,41,17215.62,4.0,2,2,1,9,3,2.9,1,2021-07-20,2024-12-01
FUN-00286,Engenharia,Pleno,46,M,66,7974.24,2.0,4,3,0,21,1,4.2,0,2019-07-01,
FUN-00287,Marketing,Sênior,30,M,15,11038.67,,1,2,0,14,5,3.3,0,2023-09-08,
FUN-00288,Produto,Júnior,26,F,90,4663.14,1.0,1,2,0,9,4,4.8,0,2017-07-11,
FUN-00289,Vendas,Júnior,28,M,33,3887.64,3.0,2,3,0,9,1,3.7,0,2022-03-17,
FUN-00290,Vendas,Sênior,22,M,15,8237.38,3.0,3,2,1,12,2,2.5,0,2023-09-08,
FUN-00291,Produto,Pleno,22,F,19,6582.84,4.0,2,2,0,12,6,3.8,0,2023-05-11,
FUN-00292,Financeiro,Sênior,39,M,12,14326.54,3.0,3,1,0,8,1,2.3,0,2023-12-07,
FUN-00293,Engenharia,Gerente,23,M,55,14721.56,3.0,2,2,0,17,7,3.4,0,2020-05-26,
FUN-00294,Suporte,Sênior,39,F,3,11163.57,3.0,2,4,0,9,5,3.7,0,2024-09-02,
FUN-00295,Engenharia,Sênior,34,M,30,12838.7,3.0,3,3,0,6,3,3.2,0,2022-06-15,
FUN-00296,Marketing,Júnior,29,F,63,3542.31,3.0,3,3,0,7,6,2.8,1,2019-09-29,2024-12-01
FUN-00297,Produto,Pleno,28,M,23,6928.03,3.0,2,3,0,3,1,,0,2023-01-11,
FUN-00298,Operações,Sênior,42,F,13,12192.38,2.0,2,3,0,0,6,2.8,0,2023-11-07,
FUN-00299,Produto,Sênior,22,F,37,10424.03,,2,4,1,7,5,3.2,0,2021-11-17,
FUN-00300,Vendas,Gerente,30,M,3,18016.16,4.0,2,4,1,0,7,2.3,0,2024-09-02,
FUN-00301,Produto,Pleno,27,M,34,6894.79,2.0,4,1,0,0,2,2.7,0,2022-02-15,
FUN-00302,Vendas,Júnior,34,M,41,4775.65,,5,3,0,4,1,4.3,0,2021-07-20,
FUN-00303,RH,Júnior,39,F,31,3877.74,3.0,1,4,0,7,6,2.4,0,2022-05-16,
FUN-00304,RH,Pleno,40,F,55,9130.68,2.0,1,2,0,16,7,2.6,0,2020-05-26,
FUN-00305,Financeiro,Pleno,22,F,1,7355.67,3.0,5,4,0,10,3,2.6,0,2024-11-01,
FUN-00306,Financeiro,Sênior,28,M,57,12668.18,1.0,1,3,0,2,7,3.0,1,2020-03-27,2024-12-01
FUN-00307,Produto,Júnior,22,M,53,4711.82,3.0,3,2,1,5,3,3.6,0,2020-07-25,
FUN-00308,Operações,Sênior,41,M,59,11164.58,4.0,2,2,0,20,5,2.8,0,2020-01-27,
FUN-00309,Produto,Sênior,32,F,26,9658.7,1.0,3,3,0,3,5,4.0,1,2022-10-13,2024-12-01
FUN-00310,Suporte,Pleno,24,M,30,5849.57,1.0,2,4,0,6,2,2.9,1,2022-06-15,2024-12-01
FUN-00311,Engenharia,Júnior,39,F,35,3774.29,4.0,2,3,0,13,6,3.0,0,2022-01-16,
FUN-00312,Suporte,Sênior,27,M,1,8893.5,5.0,1,3,1,14,4,2.7,0,2024-11-01,
FUN-00313,Suporte,Gerente,36,F,10,21076.13,2.0,2,1,1,7,7,3.6,0,2024-02-05,
FUN-00314,Produto,Pleno,26,M,34,6195.44,2.0,3,4,0,3,3,3.7,0,2022-02-15,
FUN-00315,Produto,Coordenador,36,M,41,9195.69,3.0,4,2,0,6,6,3.9,0,2021-07-20,
FUN-00316,Engenharia,Sênior,47,M,5,11849.84,4.0,3,2,0,9,5,4.0,0,2024-07-04,
FUN-00317,RH,Sênior,39,M,34,11052.81,4.0,2,2,0,12,5,2.0,0,2022-02-15,
FUN-00318,Financeiro,Júnior,40,F,53,4169.71,1.0,1,3,1,13,1,2.4,0,2020-07-25,
FUN-00319,Engenharia,Pleno,47,M,32,5359.11,4.0,4,2,0,13,6,3.9,1,2022-04-16,2024-12-01
FUN-00320,RH,Coordenador,22,F,58,10618.95,3.0,2,2,0,0,7,2.8,0,2020-02-26,
FUN-00321,Financeiro,Pleno,31,F,49,5129.92,2.0,3,3,0,6,7,3.2,0,2020-11-22,
FUN-00322,Vendas,Coordenador,39,M,60,16637.28,3.0,3,1,0,16,2,3.8,0,2019-12-28,
FUN-00323,RH,Gerente,35,F,60,21692.03,2.0,3,1,0,10,5,4.5,0,2019-12-28,
FUN-00324,Suporte,Júnior,31,F,80,3313.49,3.0,3,5,0,8,3,3.9,0,2018-05-07,
FUN-00325,Engenharia,Júnior,41,M,9,4827.45,4.0,2,3,0,7,7,4.0,0,2024-03-06,
FUN-00326,Vendas,Sênior,30,M,26,16315.64,,3,2,0,3,1,3.2,1,2022-10-13,2024-12-01
FUN-00327,Marketing,Pleno,25,F,65,7086.47,4.0,3,4,0,17,1,4.0,0,2019-07-31,
FUN-00328,Operações,Júnior,38,M,34,3253.42,3.0,2,3,0,5,2,4.2,0,2022-02-15,
FUN-00329,Vendas,Pleno,35,F,44,4984.16,5.0,3,3,0,15,2,2.2,1,2021-04-21,2024-12-01
FUN-00330,Financeiro,Júnior,29,M,11,3739.2,4.0,1,5,1,7,7,3.7,0,2024-01-06,
FUN-00331,Marketing,Júnior,31,F,38,4189.68,4.0,5,2,0,2,5,4.7,0,2021-10-18,
FUN-00332,Financeiro,Sênior,34,F,1,10147.45,2.0,5,3,1,6,1,3.1,0,2024-11-01,
FUN-00333,Engenharia,Pleno,29,F,37,6229.48,3.0,2,2,0,5,1,4.4,1,2021-11-17,2024-12-01
FUN-00334,Financeiro,Sênior,37,F,1,8014.91,5.0,2,3,0,4,6,3.9,0,2024-11-01,
FUN-00335,Produto,Coordenador,36,M,74,17314.92,2.0,2,3,1,4,6,3.1,0,2018-11-03,
FUN-00336,Financeiro,Sênior,33,M,33,11669.91,2.0,3,3,1,2,6,3.7,0,2022-03-17,
FUN-00337,RH,Sênior,22,M,62,11769.54,2.0,2,2,0,0,5,3.1,0,2019-10-29,
FUN-00338,RH,Gerente,30,F,51,21228.16,2.0,4,1,0,5,1,3.2,1,2020-09-23,2024-12-01
FUN-00339,Engenharia,Pleno,34,F,48,7532.92,3.0,4,1,0,9,4,3.8,0,2020-12-22,
FUN-00340,Financeiro,Pleno,32,M,13,6077.5,3.0,3,2,1,6,7,3.3,0,2023-11-07,
FUN-00341,Financeiro,Sênior,37,F,1,10844.37,2.0,3,2,0,0,1,1.2,1,2024-11-01,2024-12-01
FUN-00342,Marketing,Pleno,35,M,32,7555.12,3.0,3,3,0,3,6,2.5,0,2022-04-16,
FUN-00343,RH,Sênior,31,F,45,9357.58,3.0,1,2,1,13,3,3.4,0,2021-03-22,
FUN-00344,Suporte,Coordenador,35,M,1,15491.99,3.0,3,3,0,4,2,3.5,0,2024-11-01,
FUN-00345,Marketing,Pleno,38,M,1,7257.26,3.0,4,3,1,20,7,3.6,0,2024-11-01,
FUN-00346,Engenharia,Pleno,28,M,9,7667.69,3.0,5,3,0,9,1,2.3,1,2024-03-06,2024-12-01
FUN-00347,Vendas,Pleno,45,F,24,7345.27,2.0,4,4,0,4,3,3.6,1,2022-12-12,2024-12-01
FUN-00348,Marketing,Sênior,23,F,12,9478.89,2.0,5,2,0,8,6,3.6,0,2023-12-07,
FUN-00349,Produto,Pleno,26,F,1,5193.39,1.0,1,2,0,10,6,4.8,0,2024-11-01,
FUN-00350,Marketing,Sênior,33,F,77,10986.92,2.0,2,3,0,14,4,,0,2018-08-05,
FUN-00351,Vendas,Sênior,27,F,8,10929.04,4.0,4,2,0,7,1,2.2,0,2024-04-05,
FUN-00352,Engenharia,Pleno,23,F,49,8342.36,3.0,3,2,1,11,5,4.3,0,2020-11-22,
FUN-00353,Vendas,Júnior,36,F,29,3437.93,1.0,3,1,0,9,5,3.5,0,2022-07-15,
FUN-00354,RH,Pleno,31,M,12,8857.71,3.0,3,2,1,6,3,2.2,0,2023-12-07,
FUN-00355,Engenharia,Sênior,40,F,52,11678.46,2.0,2,3,0,2,5,3.1,1,2020-08-24,2024-12-01
FUN-00356,Vendas,Sênior,31,F,65,14122.21,3.0,3,2,1,2,6,3.8,0,2019-07-31,
FUN-00357,Produto,Coordenador,40,F,44,11792.65,3.0,4,4,1,13,5,3.2,0,2021-04-21,
FUN-00358,Produto,Sênior,42,F,22,11462.94,3.0,2,3,0,12,5,2.3,0,2023-02-10,
FUN-00359,Operações,Júnior,28,M,19,4889.19,4.0,2,4,1,0,2,3.7,0,2023-05-11,
FUN-00360,Operações,Pleno,47,M,78,6459.02,3.0,3,4,0,0,7,1.6,0,2018-07-06,
FUN-00361,Produto,Coordenador,37,F,56,15457.24,4.0,4,2,0,3,3,3.7,0,2020-04-26,
FUN-00362,RH,Coordenador,24,F,19,14254.13,3.0,2,3,0,11,5,3.1,1,2023-05-11,2024-12-01
FUN-00363,Engenharia,Júnior,32,M,1,4117.65,3.0,4,1,0,0,1,4.6,0,2024-11-01,
FUN-00364,Marketing,Pleno,33,M,21,6410.8,3.0,3,5,1,10,4,3.8,0,2023-03-12,
FUN-00365,Suporte,Pleno,37,F,1,6924.29,,3,2,0,0,3,3.2,0,2024-11-01,
FUN-00366,Engenharia,Coordenador,22,M,5,13068.44,4.0,2,1,1,13,7,2.2,0,2024-07-04,
FUN-00367,Suporte,Pleno,29,F,71,6238.58,3.0,2,3,0,16,7,4.2,0,2019-02-01,
FUN-00368,Vendas,Coordenador,28,F,54,13623.76,3.0,3,4,0,9,1,2.2,0,2020-06-25,
FUN-00369,Produto,Júnior,24,F,58,4744.42,2.0,4,1,0,3,1,3.5,1,2020-02-26,2024-12-01
FUN-00370,Produto,Gerente,42,F,70,17206.98,4.0,5,2,0,0,3,4.6,0,2019-03-03,
FUN-00371,RH,Sênior,33,M,46,13364.91,1.0,1,3,1,8,6,4.3,0,2021-02-20,
FUN-00372,RH,Sênior,34,M,25,12151.17,4.0,4,1,0,0,1,3.3,0,2022-11-12,
FUN-00373,Financeiro,Coordenador,27,F,23,15598.63,2.0,3,3,0,21,1,4.1,1,2023-01-11,2024-12-01
FUN-00374,Engenharia,Coordenador,30,F,35,13390.95,3.0,3,2,1,8,1,4.0,1,2022-01-16,2024-12-01
FUN-00375,Vendas,Júnior,31,M,43,4394.48,5.0,2,1,0,10,6,3.3,0,2021-05-21,
FUN-00376,Engenharia,Gerente,32,F,37,19126.51,3.0,2,2,1,8,7,4.8,0,2021-11-17,
FUN-00377,RH,Sênior,31,F,22,12930.19,2.0,3,3,0,12,6,3.6,0,2023-02-10,
FUN-00378,RH,Júnior,31,F,39,3459.0,3.0,2,1,0,3,1,3.6,0,2021-09-18,
FUN-00379,Financeiro,Sênior,39,F,1,10255.97,5.0,1,4,0,0,3,4.0,0,2024-11-01,
FUN-00380,Engenharia,Sênior,26,M,23,10537.63,4.0,3,2,0,0,5,1.5,0,2023-01-11,
FUN-00381,Suporte,Pleno,26,M,63,7753.98,4.0,2,3,0,13,1,3.8,0,2019-09-29,
FUN-00382,Operações,Júnior,29,F,1,4349.61,,3,2,0,1,1,3.9,0,2024-11-01,
FUN-00383,Operações,Pleno,32,M,14,7659.88,4.0,3,4,0,9,4,2.7,0,2023-10-08,
FUN-00384,Engenharia,Coordenador,40,F,29,14553.66,3.0,3,2,0,14,6,3.5,0,2022-07-15,
FUN-00385,Engenharia,Sênior,31,F,39,12067.07,3.0,3,1,1,5,4,3.2,0,2021-09-18,
FUN-00386,Suporte,Sênior,35,M,1,11327.53,4.0,2,3,0,9,5,3.6,0,2024-11-01,
FUN-00387,Engenharia,Pleno,27,M,12,7416.49,4.0,2,3,0,11,5,2.9,1,2023-12-07,2024-12-01
FUN-00388,RH,Pleno,28,F,1,6385.33,4.0,3,3,0,13,3,2.9,0,2024-11-01,
FUN-00389,Marketing,Pleno,33,M,14,6757.15,4.0,3,4,0,11,1,2.4,0,2023-10-08,
FUN-00390,Vendas,Pleno,41,M,27,9680.76,1.0,3,1,0,13,7,4.9,1,2022-09-13,2024-12-01
FUN-00391,Suporte,Gerente,33,M,17,19095.91,3.0,4,1,0,5,2,4.3,1,2023-07-10,2024-12-01
FUN-00392,Marketing,Gerente,22,F,41,18120.37,5.0,1,4,0,0,5,2.3,0,2021-07-20,
FUN-00393,Engenharia,Pleno,41,M,34,6012.99,3.0,2,4,0,7,1,4.5,0,2022-02-15,
FUN-00394,Operações,Pleno,31,M,16,8798.55,3.0,3,1,0,14,7,3.2,0,2023-08-09,
FUN-00395,Vendas,Coordenador,37,M,1,15872.08,2.0,3,2,0,0,7,,0,2024-11-01,
FUN-00396,Engenharia,Coordenador,28,M,30,15491.9,4.0,2,1,0,0,4,4.3,1,2022-06-15,2024-12-01
FUN-00397,Financeiro,Pleno,24,F,29,8049.11,3.0,4,1,0,0,3,1.4,0,2022-07-15,
FUN-00398,RH,Sênior,37,M,59,10130.94,5.0,3,1,0,7,1,3.5,0,2020-01-27,
FUN-00399,Suporte,Pleno,46,F,86,6765.71,4.0,5,1,0,10,3,3.2,0,2017-11-08,
FUN-00400,RH,Coordenador,25,F,23,14492.42,2.0,2,2,0,11,4,3.1,0,2023-01-11,
FUN-00401,Produto,Gerente,42,F,26,26192.73,4.0,3,1,0,13,7,3.3,1,2022-10-13,2024-12-01
FUN-00402,Marketing,Coordenador,38,M,34,12947.32,3.0,4,1,0,11,1,3.4,0,2022-02-15,
FUN-00403,Produto,Coordenador,32,M,67,14536.67,,4,3,0,6,3,3.9,0,2019-06-01,
FUN-00404,Produto,Sênior,38,F,16,9522.75,5.0,4,3,0,3,5,3.4,0,2023-08-09,
FUN-00405,RH,Coordenador,31,F,3,11401.51,4.0,3,4,0,5,1,3.3,1,2024-09-02,2024-12-01
FUN-00406,Operações,Pleno,36,M,65,6807.6,3.0,4,1,0,1,3,4.8,1,2019-07-31,2024-12-01
FUN-00407,Engenharia,Sênior,37,M,52,10669.63,3.0,4,1,1,3,4,3.8,0,2020-08-24,
FUN-00408,Financeiro,Pleno,30,F,2,7505.65,3.0,3,3,0,15,3,3.7,1,2024-10-02,2024-12-01
FUN-00409,Vendas,Coordenador,40,M,51,13919.38,2.0,2,4,0,11,4,4.8,1,2020-09-23,2024-12-01
FUN-00410,Operações,Sênior,30,M,27,10574.14,5.0,3,1,0,13,1,4.3,0,2022-09-13,
FUN-00411,Engenharia,Pleno,29,F,34,7273.34,3.0,5,1,0,11,1,2.7,0,2022-02-15,
FUN-00412,Vendas,Pleno,46,F,33,6361.09,4.0,3,3,1,5,4,2.9,0,2022-03-17,
FUN-00413,Financeiro,Sênior,33,F,46,10516.36,3.0,2,2,1,5,2,3.6,0,2021-02-20,
FUN-00414,Operações,Gerente,30,F,12,21483.44,2.0,3,1,0,8,7,4.2,0,2023-12-07,
FUN-00415,Suporte,Júnior,45,F,64,4071.98,3.0,3,5,0,12,1,3.6,0,2019-08-30,
FUN-00416,Vendas,Sênior,30,F,42,9695.45,3.0,3,2,0,7,7,3.5,0,2021-06-20,
FUN-00417,Suporte,Coordenador,30,F,42,12573.05,3.0,3,3,0,24,7,3.4,1,2021-06-20,2024-12-01
FUN-00418,Produto,Pleno,31,F,69,7638.35,3.0,3,3,1,6,6,4.9,0,2019-04-02,
FUN-00419,Financeiro,Pleno,30,F,60,8430.69,4.0,3,5,0,9,1,4.0,0,2019-12-28,
FUN-00420,RH,Coordenador,22,M,64,10358.63,2.0,2,2,1,13,2,3.7,0,2019-08-30,
FUN-00421,Vendas,Sênior,37,M,51,10299.87,4.0,1,5,0,7,1,3.7,0,2020-09-23,
FUN-00422,RH,Sênior,32,M,40,13209.38,3.0,2,5,1,4,1,2.5,0,2021-08-19,
FUN-00423,Financeiro,Júnior,41,F,22,3490.28,3.0,2,5,0,4,3,4.2,0,2023-02-10,
FUN-00424,Engenharia,Sênior,31,M,23,13007.81,2.0,1,4,1,4,5,4.3,0,2023-01-11,
FUN-00425,Suporte,Pleno,30,M,33,6926.6,3.0,2,3,0,12,3,,1,2022-03-17,2024-12-01
FUN-00426,Produto,Sênior,24,M,11,8492.39,4.0,1,2,0,10,5,3.4,0,2024-01-06,
FUN-00427,Produto,Júnior,37,M,60,4682.87,3.0,4,3,0,8,5,3.4,1,2019-12-28,2024-12-01
FUN-00428,Operações,Sênior,30,M,48,8450.55,3.0,3,3,0,12,3,3.2,0,2020-12-22,
FUN-00429,Operações,Pleno,42,M,59,6016.26,,4,3,0,2,3,3.5,0,2020-01-27,
FUN-00430,Engenharia,Pleno,47,M,45,8406.32,3.0,4,3,0,15,5,2.3,0,2021-03-22,
FUN-00431,Vendas,Pleno,32,F,37,8884.31,1.0,2,4,1,12,7,2.7,1,2021-11-17,2024-12-01
FUN-00432,Operações,Coordenador,22,F,66,12107.05,,4,2,0,4,1,4.1,0,2019-07-01,
FUN-00433,Marketing,Sênior,34,F,71,11670.33,1.0,2,3,1,0,5,2.8,0,2019-02-01,
FUN-00434,Vendas,Pleno,33,F,43,7392.67,3.0,3,2,0,13,3,4.0,0,2021-05-21,
FUN-00435,Operações,Sênior,42,F,36,10000.07,4.0,3,4,0,14,5,2.3,0,2021-12-17,
FUN-00436,Operações,Júnior,35,M,45,3299.88,3.0,3,5,0,2,7,3.6,0,2021-03-22,
FUN-00437,Suporte,Sênior,43,F,33,8708.25,1.0,1,3,0,7,3,3.0,0,2022-03-17,
FUN-00438,Engenharia,Pleno,31,F,1,7895.31,2.0,1,3,0,12,3,3.3,0,2024-11-01,
FUN-00439,Vendas,Pleno,45,F,23,7004.79,3.0,4,2,1,15,1,5.0,0,2023-01-11,
FUN-00440,RH,Pleno,33,M,20,7955.38,4.0,1,3,0,4,1,3.0,0,2023-04-11,
FUN-00441,Marketing,Pleno,34,F,44,7083.76,3.0,2,3,0,0,3,4.6,0,2021-04-21,
FUN-00442,Produto,Júnior,27,F,60,3829.92,2.0,2,1,0,9,2,2.4,1,2019-12-28,2024-12-01
FUN-00443,Produto,Sênior,22,F,17,12148.04,3.0,5,2,0,10,6,1.8,0,2023-07-10,
FUN-00444,Marketing,Júnior,29,M,54,4039.53,4.0,5,5,0,13,6,2.7,0,2020-06-25,
FUN-00445,Engenharia,Sênior,36,M,46,9116.93,3.0,3,1,1,14,2,3.4,0,2021-02-20,
FUN-00446,Financeiro,Pleno,22,M,55,6183.47,4.0,3,2,0,8,5,4.2,0,2020-05-26,
FUN-00447,Vendas,Júnior,36,F,48,3974.69,3.0,2,4,1,0,1,5.0,0,2020-12-22,
FUN-00448,Produto,Pleno,32,F,24,5903.79,3.0,3,1,0,8,2,,0,2022-12-12,
FUN-00449,Vendas,Júnior,23,M,34,3269.75,4.0,3,3,1,6,6,3.2,0,2022-02-15,
FUN-00450,Financeiro,Sênior,30,F,3,12872.79,2.0,3,3,1,10,4,4.4,0,2024-09-02,
FUN-00451,Operações,Júnior,53,M,44,3616.12,2.0,4,4,0,2,1,3.0,1,2021-04-21,2024-12-01
FUN-00452,Vendas,Júnior,40,M,36,4702.02,3.0,2,3,0,16,5,3.9,1,2021-12-17,2024-12-01
FUN-00453,Financeiro,Coordenador,23,M,55,13516.97,3.0,1,1,0,0,1,2.6,1,2020-05-26,2024-12-01
FUN-00454,Suporte,Pleno,36,F,42,7263.9,3.0,1,2,0,7,2,3.8,0,2021-06-20,
FUN-00455,Vendas,Pleno,49,F,53,6807.35,,1,3,0,9,4,3.8,0,2020-07-25,
FUN-00456,Engenharia,Sênior,28,F,1,8751.7,4.0,3,2,0,13,3,3.6,0,2024-11-01,
FUN-00457,Produto,Coordenador,24,F,41,15897.27,1.0,2,3,0,0,4,2.7,0,2021-07-20,
FUN-00458,Vendas,Júnior,39,F,21,4358.65,3.0,4,3,0,14,4,3.0,0,2023-03-12,
FUN-00459,Engenharia,Pleno,25,M,65,6096.09,,1,2,1,14,1,4.8,0,2019-07-31,
FUN-00460,Produto,Júnior,44,M,26,5188.69,1.0,1,2,0,18,3,3.6,1,2022-10-13,2024-12-01
FUN-00461,Engenharia,Sênior,34,M,1,10563.72,1.0,3,3,0,6,4,3.6,1,2024-11-01,2024-12-01
FUN-00462,Vendas,Júnior,32,F,3,4509.34,5.0,4,2,0,11,2,3.2,1,2024-09-02,2024-12-01
FUN-00463,Marketing,Sênior,41,F,81,15260.57,2.0,3,3,1,13,4,4.1,0,2018-04-07,
FUN-00464,RH,Coordenador,31,F,48,15168.29,4.0,3,3,0,10,1,4.7,0,2020-12-22,
FUN-00465,Suporte,Pleno,38,M,35,6683.36,2.0,3,2,0,4,2,3.1,1,2022-01-16,2024-12-01
FUN-00466,Engenharia,Pleno,39,F,34,7466.72,2.0,2,3,0,11,4,4.0,0,2022-02-15,
FUN-00467,Financeiro,Pleno,38,F,53,7893.38,4.0,3,3,0,15,6,3.5,0,2020-07-25,
FUN-00468,Operações,Gerente,31,F,53,22142.26,3.0,3,3,0,12,1,4.0,0,2020-07-25,
FUN-00469,Vendas,Coordenador,38,F,16,11779.42,,4,2,0,2,5,3.5,0,2023-08-09,
FUN-00470,Marketing,Sênior,33,F,52,13123.46,4.0,4,2,0,10,2,3.4,0,2020-08-24,
FUN-00471,Marketing,Sênior,31,F,54,12378.43,4.0,4,3,0,0,1,3.8,0,2020-06-25,
FUN-00472,Marketing,Pleno,35,M,21,7814.62,3.0,4,3,0,7,4,1.5,0,2023-03-12,
FUN-00473,Financeiro,Pleno,34,M,61,5951.8,4.0,4,2,1,9,1,3.2,0,2019-11-28,
FUN-00474,Vendas,Gerente,31,M,18,22187.64,3.0,3,3,0,13,2,3.3,0,2023-06-10,
FUN-00475,Suporte,Júnior,34,F,72,4339.95,2.0,3,3,1,13,4,3.4,0,2019-01-02,
FUN-00476,Marketing,Sênior,22,F,24,11532.48,3.0,5,2,0,15,3,2.7,0,2022-12-12,
FUN-00477,Suporte,Pleno,44,M,41,6632.02,2.0,3,4,0,0,7,3.4,1,2021-07-20,2024-12-01
FUN-00478,Suporte,Coordenador,39,F,62,12691.16,3.0,4,3,0,0,6,4.2,1,2019-10-29,2024-12-01
FUN-00479,Financeiro,Júnior,31,F,90,4308.7,2.0,4,3,0,15,4,4.2,0,2017-07-11,
FUN-00480,Operações,Sênior,25,M,52,11761.97,3.0,4,3,0,4,3,4.5,0,2020-08-24,
FUN-00481,Operações,Coordenador,36,M,51,16387.21,4.0,3,1,0,8,5,4.4,0,2020-09-23,
FUN-00482,Engenharia,Júnior,43,M,1,2718.19,4.0,2,1,0,8,7,4.4,0,2024-11-01,
FUN-00483,Marketing,Sênior,39,F,8,11543.44,3.0,4,1,1,6,3,4.8,0,2024-04-05,
FUN-00484,Suporte,Gerente,25,M,52,22133.75,2.0,2,2,0,10,6,4.2,0,2020-08-24,
FUN-00485,Produto,Sênior,43,F,44,12944.75,3.0,3,1,1,14,2,4.1,0,2021-04-21,
FUN-00486,Produto,Sênior,38,F,50,10175.58,5.0,4,3,0,11,4,4.1,0,2020-10-23,
FUN-00487,Operações,Gerente,36,F,42,19219.11,2.0,4,3,1,8,5,5.0,1,2021-06-20,2024-12-01
FUN-00488,Produto,Júnior,35,F,65,4304.77,4.0,2,4,0,12,3,3.8,0,2019-07-31,
FUN-00489,RH,Coordenador,27,M,60,14248.05,3.0,4,3,0,10,1,4.2,0,2019-12-28,
FUN-00490,Marketing,Sênior,29,F,2,11499.38,1.0,3,4,0,12,2,4.3,1,2024-10-02,2024-12-01
FUN-00491,Suporte,Coordenador,31,M,63,15774.1,3.0,3,4,1,4,7,4.0,0,2019-09-29,
FUN-00492,RH,Gerente,27,M,26,19498.47,4.0,3,1,1,12,4,1.8,0,2022-10-13,
FUN-00493,Produto,Coordenador,28,F,28,14717.71,4.0,4,3,1,7,2,4.9,0,2022-08-14,
FUN-00494,Financeiro,Júnior,28,F,45,4715.36,,5,2,1,10,4,5.0,1,2021-03-22,2024-12-01
FUN-00495,Suporte,Gerente,33,M,82,18950.21,4.0,3,4,1,3,3,2.3,0,2018-03-08,
FUN-00496,Financeiro,Sênior,26,F,69,9685.55,4.0,3,3,0,7,2,2.9,0,2019-04-02,
FUN-00497,Vendas,Coordenador,25,F,23,16128.6,4.0,3,2,0,3,1,4.2,0,2023-01-11,
FUN-00498,Financeiro,Pleno,33,M,27,7682.31,1.0,5,3,0,13,4,2.9,0,2022-09-13,
FUN-00499,RH,Gerente,22,M,44,22175.03,4.0,4,5,0,8,3,3.2,0,2021-04-21,
FUN-00500,Marketing,Júnior,33,M,36,3830.84,2.0,4,3,0,5,5,4.0,0,2021-12-17,
FUN-00501,RH,Pleno,36,M,59,5368.42,3.0,2,1,1,0,5,3.1,0,2020-01-27,
FUN-00502,Financeiro,Gerente,25,M,19,15557.25,5.0,2,3,0,9,1,3.5,0,2023-05-11,
FUN-00503,RH,Coordenador,44,F,1,10397.36,4.0,5,3,1,15,1,3.9,0,2024-11-01,
FUN-00504,Suporte,Sênior,35,F,50,10301.6,4.0,3,2,1,1,3,2.8,1,2020-10-23,2024-12-01
FUN-00505,Operações,Sênior,46,M,15,8074.59,2.0,3,1,0,4,4,4.6,1,2023-09-08,2024-12-01
FUN-00506,RH,Júnior,31,M,60,3569.06,4.0,4,5,0,0,7,4.2,0,2019-12-28,
FUN-00507,Marketing,Pleno,28,M,27,6904.34,3.0,2,3,0,10,2,4.6,0,2022-09-13,
FUN-00508,Engenharia,Pleno,33,F,39,6608.08,5.0,4,3,0,12,5,3.1,0,2021-09-18,
FUN-00509,Engenharia,Júnior,32,F,60,3220.48,3.0,5,1,0,3,4,3.3,0,2019-12-28,
FUN-00510,Operações,Júnior,32,M,35,4590.52,4.0,3,1,1,0,1,4.2,0,2022-01-16,
FUN-00511,Vendas,Sênior,39,M,59,10730.86,,4,1,1,8,2,3.9,1,2020-01-27,2024-12-01
FUN-00512,Operações,Sênior,28,M,15,7991.85,4.0,4,1,0,11,6,3.1,0,2023-09-08,
FUN-00513,RH,Pleno,43,M,66,7033.87,4.0,3,3,0,2,7,4.1,0,2019-07-01,
FUN-00514,Marketing,Pleno,26,M,46,7350.58,3.0,4,2,1,8,7,4.1,0,2021-02-20,
FUN-00515,Engenharia,Sênior,33,F,64,12794.43,2.0,3,3,0,14,1,3.4,0,2019-08-30,
FUN-00516,Operações,Sênior,31,F,18,11197.67,3.0,5,3,0,3,5,3.6,0,2023-06-10,
FUN-00517,Marketing,Pleno,26,F,16,8598.45,2.0,3,3,0,0,4,2.9,0,2023-08-09,
FUN-00518,Engenharia,Gerente,46,F,56,17196.93,3.0,2,3,0,11,4,4.8,0,2020-04-26,
FUN-00519,Financeiro,Júnior,26,F,10,4698.05,,2,2,0,5,3,5.0,0,2024-02-05,
FUN-00520,Marketing,Pleno,34,F,19,7987.69,3.0,3,3,0,7,4,4.3,0,2023-05-11,
FUN-00521,Marketing,Júnior,39,M,57,3522.02,3.0,4,2,0,0,2,3.1,0,2020-03-27,
FUN-00522,Vendas,Júnior,33,F,71,4133.63,4.0,2,2,0,5,1,3.2,0,2019-02-01,
FUN-00523,RH,Sênior,24,F,18,12194.51,3.0,2,3,0,9,4,1.4,0,2023-06-10,
FUN-00524,RH,Pleno,39,M,41,5776.06,4.0,4,3,0,6,2,3.7,0,2021-07-20,
FUN-00525,Operações,Gerente,36,M,26,20802.08,4.0,2,2,1,11,2,4.8,0,2022-10-13,
FUN-00526,Produto,Sênior,39,M,53,10609.69,2.0,3,4,0,6,1,2.5,0,2020-07-25,
FUN-00527,Marketing,Júnior,30,F,49,3567.55,3.0,3,3,0,16,7,3.9,0,2020-11-22,
FUN-00528,Produto,Pleno,39,M,57,5617.41,2.0,3,5,0,15,3,3.4,0,2020-03-27,
FUN-00529,Suporte,Gerente,31,M,1,23216.52,3.0,3,1,0,5,6,3.3,0,2024-11-01,
FUN-00530,Operações,Coordenador,27,M,53,12814.2,2.0,1,4,0,7,2,3.8,1,2020-07-25,2024-12-01
FUN-00531,Operações,Coordenador,22,M,26,10446.68,4.0,2,2,1,13,3,2.4,0,2022-10-13,
FUN-00532,Operações,Coordenador,32,M,2,17541.06,4.0,2,3,0,14,3,2.4,0,2024-10-02,
FUN-00533,Produto,Coordenador,35,M,33,13233.78,4.0,1,4,0,5,3,3.2,0,2022-03-17,
FUN-00534,Financeiro,Pleno,29,F,20,7993.26,3.0,3,1,0,0,5,2.6,0,2023-04-11,
FUN-00535,Suporte,Júnior,34,M,1,4440.96,2.0,2,3,0,13,4,4.6,0,2024-11-01,
FUN-00536,RH,Sênior,22,F,71,10160.7,,2,1,0,0,3,2.7,1,2019-02-01,2024-12-01
FUN-00537,RH,Pleno,28,M,58,5794.6,3.0,2,2,0,0,4,3.2,0,2020-02-26,
FUN-00538,Vendas,Sênior,30,F,60,14372.76,2.0,3,1,0,6,2,4.4,1,2019-12-28,2024-12-01
FUN-00539,Financeiro,Pleno,27,F,96,7604.27,3.0,3,2,0,3,1,2.5,0,2017-01-12,
FUN-00540,Engenharia,Sênior,39,F,39,10074.46,5.0,4,4,0,7,6,2.6,1,2021-09-18,2024-12-01
FUN-00541,Engenharia,Pleno,39,M,43,6749.44,3.0,2,1,0,3,5,3.0,0,2021-05-21,
FUN-00542,Suporte,Coordenador,36,M,41,13547.28,4.0,3,2,0,6,1,3.6,0,2021-07-20,
FUN-00543,Suporte,Gerente,29,M,66,18174.02,4.0,3,3,0,4,5,3.6,0,2019-07-01,
FUN-00544,Suporte,Júnior,33,F,2,2984.96,2.0,3,3,0,3,4,4.1,1,2024-10-02,2024-12-01
FUN-00545,Operações,Pleno,30,M,13,7561.96,3.0,4,1,0,5,3,3.7,0,2023-11-07,
FUN-00546,Engenharia,Pleno,45,M,55,5574.65,3.0,2,1,0,14,4,2.6,0,2020-05-26,
FUN-00547,RH,Sênior,29,F,27,11178.59,4.0,3,2,1,5,5,4.1,0,2022-09-13,
FUN-00548,Suporte,Sênior,30,F,45,10782.46,4.0,1,2,1,8,3,3.6,0,2021-03-22,
FUN-00549,Produto,Júnior,32,M,33,3973.49,2.0,2,4,0,8,1,4.9,1,2022-03-17,2024-12-01
FUN-00550,Operações,Sênior,26,M,65,10440.29,2.0,3,3,0,8,6,3.7,0,2019-07-31,
FUN-00551,Marketing,Gerente,33,F,8,19482.12,3.0,3,2,0,4,4,3.7,0,2024-04-05,
FUN-00552,Engenharia,Júnior,25,M,42,3948.54,,3,4,0,7,5,,0,2021-06-20,
FUN-00553,Marketing,Pleno,24,M,10,5947.83,2.0,2,4,1,4,3,2.6,0,2024-02-05,
FUN-00554,Financeiro,Sênior,30,F,49,13643.59,3.0,4,3,0,10,1,3.4,1,2020-11-22,2024-12-01
FUN-00555,Engenharia,Coordenador,33,F,45,15675.25,4.0,4,4,1,7,1,4.4,0,2021-03-22,
FUN-00556,Produto,Coordenador,30,F,15,13073.68,2.0,4,2,1,6,5,4.4,0,2023-09-08,
FUN-00557,Produto,Júnior,28,M,13,3870.59,2.0,4,2,0,19,2,4.3,1,2023-11-07,2024-12-01
FUN-00558,Produto,Pleno,39,M,1,8504.48,3.0,5,3,0,0,3,2.5,0,2024-11-01,
FUN-00559,Marketing,Coordenador,22,M,51,16652.92,4.0,2,2,1,0,5,2.5,0,2020-09-23,
FUN-00560,Produto,Gerente,38,M,63,20459.12,2.0,1,3,1,10,6,3.0,1,2019-09-29,2024-12-01
FUN-00561,Suporte,Júnior,31,F,31,4762.65,1.0,3,3,0,7,6,3.3,0,2022-05-16,
FUN-00562,RH,Pleno,42,M,63,5629.49,3.0,1,2,0,3,6,3.6,0,2019-09-29,
FUN-00563,Suporte,Sênior,25,M,50,8428.59,4.0,2,3,0,15,2,2.5,1,2020-10-23,2024-12-01
FUN-00564,Suporte,Júnior,34,F,31,3769.74,3.0,3,5,0,12,1,2.9,0,2022-05-16,
FUN-00565,Marketing,Júnior,45,M,41,3367.01,2.0,1,3,0,0,3,3.5,1,2021-07-20,2024-12-01
FUN-00566,Vendas,Júnior,33,M,47,4307.6,3.0,1,4,1,11,5,2.1,0,2021-01-21,
FUN-00567,Vendas,Júnior,22,F,77,4540.5,3.0,3,3,1,8,5,4.2,1,2018-08-05,2024-12-01
FUN-00568,Produto,Sênior,27,F,9,8979.3,3.0,4,4,0,6,3,2.7,0,2024-03-06,
FUN-00569,Vendas,Sênior,37,M,34,13025.95,3.0,3,5,0,1,3,3.7,0,2022-02-15,
FUN-00570,Engenharia,Pleno,38,F,39,5466.63,3.0,2,1,0,15,7,3.1,0,2021-09-18,
FUN-00571,Produto,Pleno,28,M,1,8425.53,4.0,2,4,0,3,6,2.0,0,2024-11-01,
FUN-00572,Marketing,Sênior,39,F,5,8603.07,4.0,1,4,0,8,2,3.9,0,2024-07-04,
FUN-00573,Engenharia,Sênior,29,M,25,9918.83,4.0,3,3,0,5,2,2.6,0,2022-11-12,
FUN-00574,Produto,Sênior,22,F,40,13127.09,4.0,3,4,1,7,5,3.2,0,2021-08-19,
FUN-00575,Suporte,Gerente,38,M,40,18316.46,4.0,2,3,0,0,7,4.2,0,2021-08-19,
FUN-00576,Engenharia,Pleno,32,M,39,7471.65,3.0,5,2,0,8,1,4.8,0,2021-09-18,
FUN-00577,Produto,Coordenador,35,F,38,14614.42,4.0,3,1,0,2,1,3.3,0,2021-10-18,
FUN-00578,RH,Coordenador,34,M,34,15629.32,4.0,3,3,0,11,5,3.5,0,2022-02-15,
FUN-00579,Engenharia,Coordenador,28,F,1,12052.92,4.0,5,2,0,1,2,3.4,0,2024-11-01,
FUN-00580,Engenharia,Pleno,44,M,55,6181.45,4.0,3,5,0,1,2,3.7,0,2020-05-26,
FUN-00581,Vendas,Pleno,22,M,30,7007.62,4.0,4,2,0,5,1,3.4,1,2022-06-15,2024-12-01
FUN-00582,Vendas,Coordenador,32,F,24,15020.02,4.0,3,4,0,20,7,3.0,0,2022-12-12,
FUN-00583,Engenharia,Júnior,27,M,46,3409.49,2.0,3,1,0,16,3,3.2,1,2021-02-20,2024-12-01
FUN-00584,Suporte,Sênior,32,F,55,8329.67,2.0,1,2,0,13,6,3.1,0,2020-05-26,
FUN-00585,Financeiro,Pleno,32,M,1,6792.24,3.0,2,2,1,5,1,4.1,0,2024-11-01,
FUN-00586,Engenharia,Sênior,22,F,91,8228.97,3.0,2,2,1,0,2,3.0,0,2017-06-11,
FUN-00587,Operações,Pleno,30,F,41,7232.74,2.0,3,5,0,15,4,3.5,1,2021-07-20,2024-12-01
FUN-00588,Marketing,Pleno,30,M,4,8046.01,4.0,1,2,0,0,2,3.3,0,2024-08-03,
FUN-00589,Vendas,Pleno,36,F,45,7113.69,2.0,5,4,0,0,2,3.7,0,2021-03-22,
FUN-00590,Vendas,Coordenador,45,F,31,13050.49,3.0,4,1,1,0,2,4.6,0,2022-05-16,
FUN-00591,Vendas,Pleno,28,F,48,8932.3,4.0,2,3,1,5,3,,0,2020-12-22,
FUN-00592,Vendas,Pleno,24,F,1,6970.23,5.0,1,5,0,6,5,3.5,0,2024-11-01,
FUN-00593,Operações,Júnior,31,M,41,4042.39,3.0,3,4,0,16,7,2.1,0,2021-07-20,
FUN-00594,Vendas,Sênior,35,F,42,9581.28,1.0,3,3,1,8,5,4.2,0,2021-06-20,
FUN-00595,Vendas,Sênior,32,M,60,10592.02,3.0,2,2,1,11,7,3.2,0,2019-12-28,
FUN-00596,Vendas,Sênior,38,M,81,10167.47,4.0,1,2,0,16,7,3.1,0,2018-04-07,
FUN-00597,Suporte,Júnior,27,M,10,4456.16,3.0,2,3,0,15,5,3.6,1,2024-02-05,2024-12-01
FUN-00598,Vendas,Júnior,26,F,30,3223.69,3.0,2,1,1,7,7,3.4,0,2022-06-15,
FUN-00599,Engenharia,Júnior,29,M,74,3725.66,4.0,2,2,0,9,5,4.6,0,2018-11-03,
FUN-00600,Vendas,Júnior,22,F,47,4285.61,1.0,3,3,0,4,4,1.9,0,2021-01-21,
FUN-00601,Marketing,Pleno,32,M,15,4736.04,2.0,3,3,0,10,5,3.2,0,2023-09-08,
FUN-00602,Suporte,Júnior,38,M,47,3996.62,3.0,4,4,1,5,1,3.8,0,2021-01-21,
FUN-00603,Financeiro,Júnior,30,F,18,3398.72,,2,2,0,10,3,4.1,0,2023-06-10,
FUN-00604,Engenharia,Sênior,34,M,27,10823.62,2.0,2,2,0,5,5,3.5,0,2022-09-13,
FUN-00605,Vendas,Gerente,31,F,40,18838.83,2.0,4,3,0,11,4,3.9,0,2021-08-19,
FUN-00606,Suporte,Júnior,27,F,13,4381.58,2.0,2,2,1,11,3,4.2,0,2023-11-07,
FUN-00607,Operações,Coordenador,30,M,55,10920.35,4.0,3,3,1,11,1,2.3,0,2020-05-26,
FUN-00608,Produto,Pleno,27,M,54,6224.13,2.0,3,3,1,13,4,3.8,0,2020-06-25,
FUN-00609,Operações,Júnior,33,F,17,4393.02,3.0,4,1,0,5,2,3.7,0,2023-07-10,
FUN-00610,Vendas,Júnior,38,F,47,4543.17,5.0,4,3,0,5,1,3.9,0,2021-01-21,
FUN-00611,Operações,Coordenador,24,M,38,16663.83,4.0,1,3,0,2,7,3.1,0,2021-10-18,
FUN-00612,Engenharia,Júnior,35,M,70,3609.84,5.0,2,3,0,10,7,4.0,1,2019-03-03,2024-12-01
FUN-00613,Vendas,Sênior,22,M,41,9991.51,5.0,2,2,0,0,3,3.6,0,2021-07-20,
FUN-00614,Operações,Sênior,41,F,24,11400.26,3.0,3,3,0,4,2,3.0,0,2022-12-12,
FUN-00615,Vendas,Sênior,31,M,43,13758.39,3.0,4,3,0,7,2,3.0,0,2021-05-21,
FUN-00616,Operações,Coordenador,42,F,38,14763.04,2.0,3,3,0,0,2,2.3,0,2021-10-18,
FUN-00617,Produto,Júnior,37,F,39,3712.48,4.0,3,3,0,0,2,2.8,0,2021-09-18,
FUN-00618,Vendas,Júnior,39,F,21,3999.82,1.0,3,3,1,2,4,2.9,0,2023-03-12,
FUN-00619,RH,Sênior,35,M,56,11552.99,2.0,5,3,0,8,1,4.9,1,2020-04-26,2024-12-01
FUN-00620,Suporte,Coordenador,26,M,26,16152.24,2.0,3,1,0,13,7,3.5,0,2022-10-13,
FUN-00621,Engenharia,Pleno,44,M,73,6988.6,2.0,3,2,0,4,2,3.2,0,2018-12-03,
FUN-00622,RH,Júnior,33,F,40,2693.2,2.0,5,2,0,4,2,3.2,1,2021-08-19,2024-12-01
FUN-00623,Produto,Júnior,35,F,60,3822.77,5.0,3,2,0,10,4,3.1,0,2019-12-28,
FUN-00624,RH,Júnior,37,F,21,4244.29,4.0,4,2,0,6,5,,0,2023-03-12,
FUN-00625,RH,Pleno,40,M,19,7651.57,,3,4,0,9,5,3.6,0,2023-05-11,
FUN-00626,Financeiro,Júnior,32,F,39,4708.85,3.0,4,1,1,3,7,4.2,1,2021-09-18,2024-12-01
FUN-00627,Operações,Júnior,36,M,18,4209.71,4.0,3,5,0,6,7,3.2,1,2023-06-10,2024-12-01
FUN-00628,Financeiro,Júnior,42,M,20,4225.42,,2,2,1,8,4,4.3,0,2023-04-11,
FUN-00629,Produto,Pleno,29,F,64,6917.53,3.0,2,4,0,5,1,3.5,0,2019-08-30,
FUN-00630,Operações,Coordenador,30,F,28,14234.52,3.0,3,2,0,7,5,3.8,0,2022-08-14,
FUN-00631,Vendas,Sênior,38,F,38,10593.19,4.0,3,3,0,13,2,4.7,0,2021-10-18,
FUN-00632,Produto,Sênior,38,F,13,10060.42,3.0,2,1,0,9,7,3.7,1,2023-11-07,2024-12-01
FUN-00633,Marketing,Sênior,35,F,20,10911.78,3.0,1,1,1,11,5,1.8,0,2023-04-11,
FUN-00634,Engenharia,Coordenador,36,F,2,10563.28,3.0,4,1,0,4,5,3.4,1,2024-10-02,2024-12-01
FUN-00635,RH,Coordenador,32,M,44,14134.53,3.0,3,2,0,14,6,4.1,0,2021-04-21,
FUN-00636,Marketing,Júnior,32,M,67,3847.06,4.0,3,2,0,9,1,3.6,0,2019-06-01,
FUN-00637,RH,Sênior,44,F,57,11225.58,3.0,1,2,0,4,2,2.5,1,2020-03-27,2024-12-01
FUN-00638,Engenharia,Gerente,30,M,47,23520.15,2.0,4,5,0,7,7,3.5,0,2021-01-21,
FUN-00639,Marketing,Pleno,32,F,1,5837.78,3.0,3,1,1,14,4,5.0,0,2024-11-01,
FUN-00640,Marketing,Coordenador,35,F,6,14818.06,2.0,4,3,0,3,6,3.1,0,2024-06-04,
FUN-00641,Suporte,Sênior,33,M,28,13247.27,2.0,2,2,0,6,4,3.6,0,2022-08-14,
FUN-00642,Vendas,Pleno,30,M,16,6780.65,4.0,1,4,1,0,3,3.5,0,2023-08-09,
FUN-00643,Suporte,Coordenador,27,F,33,15847.95,4.0,2,1,0,15,6,5.0,1,2022-03-17,2024-12-01
FUN-00644,Marketing,Coordenador,22,F,16,15255.3,4.0,1,4,0,9,1,4.3,0,2023-08-09,
FUN-00645,Financeiro,Júnior,32,M,67,4727.48,3.0,1,1,0,0,3,3.3,0,2019-06-01,
FUN-00646,Produto,Sênior,43,F,23,9150.44,5.0,4,3,1,9,1,2.8,0,2023-01-11,
FUN-00647,Engenharia,Sênior,26,F,47,11149.08,1.0,2,2,1,1,1,3.3,1,2021-01-21,2024-12-01
FUN-00648,Vendas,Sênior,32,M,73,12186.69,5.0,3,4,0,0,1,2.1,1,2018-12-03,2024-12-01
FUN-00649,RH,Pleno,22,M,38,4987.95,2.0,3,1,0,0,3,4.6,1,2021-10-18,2024-12-01
FUN-00650,Engenharia,Pleno,29,M,28,6252.99,2.0,2,1,0,13,7,4.1,0,2022-08-14,
FUN-00651,Suporte,Coordenador,31,F,73,13642.57,4.0,2,3,0,9,2,4.0,0,2018-12-03,
FUN-00652,Vendas,Gerente,44,M,71,19264.31,3.0,2,3,0,2,7,4.5,0,2019-02-01,
FUN-00653,Produto,Júnior,36,M,33,3758.88,4.0,1,3,1,20,6,2.6,0,2022-03-17,
FUN-00654,Suporte,Sênior,31,M,49,13150.92,1.0,2,4,0,6,6,2.8,1,2020-11-22,2024-12-01
FUN-00655,Produto,Pleno,32,F,68,6143.19,3.0,1,4,0,6,3,2.5,0,2019-05-02,
FUN-00656,Marketing,Pleno,31,F,21,7471.86,3.0,4,3,1,13,4,3.1,0,2023-03-12,
FUN-00657,Financeiro,Coordenador,33,F,58,13227.89,,3,1,1,6,2,3.1,0,2020-02-26,
FUN-00658,Financeiro,Júnior,26,M,7,4670.19,4.0,5,3,0,16,6,2.8,0,2024-05-05,
FUN-00659,Financeiro,Coordenador,40,M,45,15691.44,3.0,1,3,0,3,7,3.3,0,2021-03-22,
FUN-00660,Marketing,Pleno,32,M,40,8400.64,3.0,4,1,0,7,5,3.6,0,2021-08-19,
FUN-00661,RH,Sênior,22,M,29,12831.29,1.0,3,4,0,2,6,3.9,0,2022-07-15,
FUN-00662,Marketing,Júnior,44,M,1,3186.8,3.0,1,4,0,15,1,5.0,1,2024-11-01,2024-12-01
FUN-00663,Operações,Júnior,30,F,43,3264.33,2.0,4,2,0,14,1,4.5,0,2021-05-21,
FUN-00664,RH,Sênior,48,F,67,11860.0,4.0,2,3,1,5,7,2.6,0,2019-06-01,
FUN-00665,Engenharia,Sênior,26,F,13,9996.92,3.0,3,2,0,5,2,4.0,0,2023-11-07,
FUN-00666,Financeiro,Pleno,27,F,40,7350.33,4.0,2,2,0,8,4,3.3,0,2021-08-19,
FUN-00667,Vendas,Coordenador,29,M,25,16268.98,3.0,3,5,0,6,7,3.6,0,2022-11-12,
FUN-00668,Financeiro,Sênior,30,M,21,10027.59,,4,1,0,22,5,2.4,1,2023-03-12,2024-12-01
FUN-00669,Marketing,Júnior,40,F,33,3999.31,3.0,5,3,0,10,1,3.7,0,2022-03-17,
FUN-00670,Vendas,Pleno,27,F,4,6693.81,3.0,3,4,0,4,3,,1,2024-08-03,2024-12-01
FUN-00671,Marketing,Júnior,36,F,54,4768.01,3.0,3,1,0,9,2,4.1,0,2020-06-25,
FUN-00672,Suporte,Sênior,37,F,5,10321.44,3.0,4,2,1,7,3,3.0,0,2024-07-04,
FUN-00673,Suporte,Sênior,32,M,28,10634.98,4.0,3,3,1,10,7,3.2,0,2022-08-14,
FUN-00674,Engenharia,Coordenador,37,M,17,15874.79,2.0,1,2,0,15,3,3.5,1,2023-07-10,2024-12-01
FUN-00675,Financeiro,Pleno,42,M,54,6645.37,3.0,1,3,0,8,6,3.8,0,2020-06-25,
FUN-00676,Financeiro,Gerente,26,F,43,24298.21,3.0,5,2,1,7,2,2.6,0,2021-05-21,
FUN-00677,Marketing,Sênior,34,F,55,11238.2,3.0,3,2,1,5,5,4.3,0,2020-05-26,
FUN-00678,Suporte,Pleno,23,M,5,6723.09,3.0,4,2,0,12,1,3.1,1,2024-07-04,2024-12-01
FUN-00679,Marketing,Coordenador,47,F,6,10662.9,3.0,4,1,1,9,6,3.9,0,2024-06-04,
FUN-00680,Financeiro,Coordenador,28,F,36,15764.96,2.0,4,4,0,0,7,3.8,1,2021-12-17,2024-12-01
FUN-00681,Financeiro,Júnior,40,M,58,3994.37,4.0,3,2,0,10,7,2.7,1,2020-02-26,2024-12-01
FUN-00682,Suporte,Pleno,44,M,25,7164.9,1.0,5,1,0,0,2,3.3,1,2022-11-12,2024-12-01
FUN-00683,Vendas,Júnior,37,F,37,4055.24,3.0,2,2,0,0,1,4.1,0,2021-11-17,
FUN-00684,Vendas,Pleno,38,F,17,6869.45,3.0,3,4,0,13,6,3.0,0,2023-07-10,
FUN-00685,Marketing,Sênior,35,F,10,13330.76,3.0,4,2,0,4,7,3.7,0,2024-02-05,
FUN-00686,Produto,Pleno,41,F,21,7409.59,4.0,4,3,0,0,7,3.9,1,2023-03-12,2024-12-01
FUN-00687,Marketing,Júnior,39,F,11,4482.4,3.0,4,1,0,0,5,5.0,0,2024-01-06,
FUN-00688,Produto,Júnior,22,M,36,4750.76,3.0,3,2,0,0,4,3.0,0,2021-12-17,
FUN-00689,Operações,Sênior,34,M,49,10453.75,3.0,2,1,0,2,6,3.0,0,2020-11-22,
FUN-00690,RH,Júnior,22,F,60,3290.22,2.0,2,2,1,12,5,2.6,0,2019-12-28,
FUN-00691,Vendas,Gerente,37,F,16,14981.21,4.0,4,1,0,9,2,3.8,0,2023-08-09,
FUN-00692,Operações,Gerente,34,M,73,19127.55,3.0,3,1,0,4,6,2.9,0,2018-12-03,
FUN-00693,Produto,Pleno,40,F,40,7998.51,3.0,2,1,1,8,2,2.8,1,2021-08-19,2024-12-01
FUN-00694,Operações,Júnior,32,F,39,4531.42,3.0,3,4,0,2,4,3.2,0,2021-09-18,
FUN-00695,Vendas,Júnior,33,F,47,2840.79,3.0,2,3,0,3,2,3.3,0,2021-01-21,
FUN-00696,Engenharia,Sênior,38,F,51,11189.04,4.0,4,3,1,12,1,3.4,0,2020-09-23,
FUN-00697,Suporte,Sênior,33,F,18,12255.45,2.0,3,1,1,7,6,3.3,0,2023-06-10,
FUN-00698,Financeiro,Gerente,28,F,41,21924.03,4.0,5,2,0,15,5,4.3,0,2021-07-20,
FUN-00699,Operações,Pleno,31,F,51,7097.23,2.0,5,2,0,6,2,1.7,0,2020-09-23,
FUN-00700,RH,Pleno,29,F,36,8326.55,3.0,3,3,0,6,1,3.1,1,2021-12-17,2024-12-01
FUN-00701,Engenharia,Pleno,24,F,6,6064.46,3.0,3,1,0,4,4,4.1,0,2024-06-04,
FUN-00702,Financeiro,Sênior,39,M,40,11376.46,4.0,5,3,0,1,2,3.7,0,2021-08-19,
FUN-00703,Suporte,Júnior,38,F,67,2883.02,3.0,5,1,0,14,5,3.7,0,2019-06-01,
FUN-00704,Engenharia,Sênior,28,M,1,11946.89,2.0,4,2,0,4,4,4.6,0,2024-11-01,
FUN-00705,Vendas,Sênior,30,M,70,9395.52,3.0,2,2,0,9,1,2.8,0,2019-03-03,
FUN-00706,Vendas,Sênior,38,M,30,11888.65,3.0,4,2,1,11,5,2.4,0,2022-06-15,
FUN-00707,Suporte,Júnior,39,M,58,2678.51,5.0,2,3,0,8,1,3.3,0,2020-02-26,
FUN-00708,Operações,Júnior,37,M,41,3993.86,2.0,1,3,0,7,3,4.4,0,2021-07-20,
FUN-00709,Engenharia,Pleno,39,F,17,5439.55,3.0,5,2,1,17,6,3.8,0,2023-07-10,
FUN-00710,RH,Pleno,24,F,27,6779.51,2.0,3,3,0,2,2,3.6,1,2022-09-13,2024-12-01
FUN-00711,RH,Sênior,35,M,51,10670.17,3.0,2,3,0,20,2,3.2,0,2020-09-23,
FUN-00712,Vendas,Sênior,38,M,18,10882.8,2.0,3,2,0,5,1,,0,2023-06-10,
FUN-00713,Operações,Coordenador,30,M,27,15649.07,4.0,1,2,0,7,5,2.8,0,2022-09-13,
FUN-00714,Engenharia,Pleno,31,M,27,8142.03,1.0,1,1,1,16,2,4.0,0,2022-09-13,
FUN-00715,Suporte,Coordenador,39,F,39,14811.39,2.0,1,1,0,10,5,3.4,0,2021-09-18,
FUN-00716,Financeiro,Sênior,22,M,26,10762.11,5.0,4,2,1,0,1,3.9,0,2022-10-13,
FUN-00717,Engenharia,Júnior,35,F,1,3863.99,3.0,2,1,0,5,6,3.7,0,2024-11-01,
FUN-00718,Marketing,Sênior,28,F,27,12063.94,3.0,2,2,0,11,2,2.8,0,2022-09-13,
FUN-00719,RH,Júnior,23,M,57,3894.99,3.0,1,3,0,11,4,3.9,0,2020-03-27,
FUN-00720,Produto,Júnior,29,M,14,4417.76,4.0,2,2,0,5,2,3.9,0,2023-10-08,
FUN-00721,Produto,Pleno,25,M,67,8281.85,4.0,3,4,0,22,5,3.5,0,2019-06-01,
FUN-00722,Produto,Pleno,35,M,28,6402.0,1.0,2,3,1,4,6,3.0,0,2022-08-14,
FUN-00723,Vendas,Coordenador,26,M,45,11276.65,4.0,2,3,1,9,6,3.8,0,2021-03-22,
FUN-00724,Produto,Júnior,29,M,48,3680.23,2.0,3,3,1,0,6,1.6,0,2020-12-22,
FUN-00725,Financeiro,Sênior,25,M,44,15231.48,,1,2,0,11,4,3.5,0,2021-04-21,
FUN-00726,Produto,Júnior,32,M,56,3997.62,4.0,2,3,0,10,2,3.3,0,2020-04-26,
FUN-00727,Financeiro,Gerente,35,F,1,16401.36,2.0,5,2,0,17,3,3.4,0,2024-11-01,
FUN-00728,Produto,Pleno,30,F,49,5907.66,2.0,3,1,0,2,3,3.8,0,2020-11-22,
FUN-00729,Suporte,Gerente,39,F,48,18635.72,4.0,4,3,0,4,5,3.9,0,2020-12-22,
FUN-00730,Marketing,Pleno,22,F,46,6988.66,4.0,2,2,0,7,3,3.1,0,2021-02-20,
FUN-00731,Operações,Sênior,33,F,52,9921.7,1.0,2,4,0,0,6,3.3,1,2020-08-24,2024-12-01
FUN-00732,Produto,Júnior,34,M,53,4189.13,4.0,1,4,0,6,6,3.7,0,2020-07-25,
FUN-00733,Suporte,Júnior,24,F,29,2991.22,3.0,2,1,0,7,3,3.9,0,2022-07-15,
FUN-00734,Marketing,Pleno,26,F,60,6448.34,2.0,2,5,1,5,2,3.4,1,2019-12-28,2024-12-01
FUN-00735,Financeiro,Júnior,28,F,31,4665.9,3.0,3,5,1,10,2,3.8,0,2022-05-16,
FUN-00736,Operações,Sênior,35,M,57,9393.51,2.0,3,2,0,27,7,4.9,1,2020-03-27,2024-12-01
FUN-00737,Produto,Coordenador,36,M,34,16549.85,3.0,1,3,0,4,7,2.6,0,2022-02-15,
FUN-00738,Operações,Sênior,33,M,40,11166.05,4.0,2,1,0,0,3,,1,2021-08-19,2024-12-01
FUN-00739,Operações,Pleno,47,M,55,6197.11,3.0,3,2,1,0,2,4.0,1,2020-05-26,2024-12-01
FUN-00740,Marketing,Júnior,31,F,53,3653.15,3.0,2,1,0,8,7,2.8,0,2020-07-25,
FUN-00741,Marketing,Pleno,37,M,56,6276.04,2.0,1,4,1,1,1,3.8,0,2020-04-26,
FUN-00742,RH,Pleno,27,M,40,7406.76,3.0,5,1,0,12,5,3.4,0,2021-08-19,
FUN-00743,RH,Sênior,32,M,21,9832.4,2.0,3,2,0,10,6,4.7,0,2023-03-12,
FUN-00744,Produto,Sênior,23,F,46,9613.52,3.0,3,1,1,14,3,3.9,0,2021-02-20,
FUN-00745,Vendas,Sênior,48,F,59,10795.55,2.0,3,3,0,9,2,4.1,1,2020-01-27,2024-12-01
FUN-00746,Financeiro,Sênior,34,M,76,8893.4,3.0,2,3,0,7,3,3.8,0,2018-09-04,
FUN-00747,Financeiro,Pleno,39,M,15,7208.88,1.0,2,4,0,9,6,3.3,0,2023-09-08,
FUN-00748,Suporte,Pleno,45,F,3,6387.7,3.0,1,3,0,11,3,3.3,0,2024-09-02,
FUN-00749,RH,Coordenador,36,M,52,15949.46,3.0,5,3,0,7,6,5.0,0,2020-08-24,
FUN-00750,Operações,Júnior,31,M,60,3851.31,3.0,4,2,0,7,2,2.7,0,2019-12-28,
FUN-00751,Suporte,Coordenador,31,M,40,14283.59,3.0,3,4,0,0,6,3.4,0,2021-08-19,
FUN-00752,Vendas,Pleno,36,M,30,4393.48,1.0,2,3,1,8,5,3.2,1,2022-06-15,2024-12-01
FUN-00753,Vendas,Coordenador,39,F,49,15332.42,2.0,1,2,0,14,4,3.4,0,2020-11-22,
FUN-00754,Operações,Gerente,40,M,22,18391.58,4.0,2,2,0,6,2,4.8,0,2023-02-10,
FUN-00755,Financeiro,Pleno,29,M,44,4675.04,3.0,4,2,1,3,2,3.8,0,2021-04-21,
FUN-00756,RH,Sênior,31,F,68,12006.44,5.0,2,2,0,0,1,3.8,0,2019-05-02,
FUN-00757,Engenharia,Júnior,44,M,21,4911.6,3.0,4,2,1,5,6,4.9,0,2023-03-12,
FUN-00758,Suporte,Júnior,33,F,20,3722.24,3.0,3,1,0,0,1,1.8,1,2023-04-11,2024-12-01
FUN-00759,Operações,Júnior,30,F,1,4382.79,1.0,2,2,0,18,3,,0,2024-11-01,
FUN-00760,RH,Pleno,34,F,12,8949.54,2.0,3,3,0,10,5,2.9,1,2023-12-07,2024-12-01
FUN-00761,Vendas,Gerente,59,M,56,28205.73,3.0,4,4,0,4,2,3.0,0,2020-04-26,
FUN-00762,Marketing,Pleno,41,F,44,6496.2,4.0,2,4,0,7,2,1.3,0,2021-04-21,
FUN-00763,Financeiro,Pleno,22,F,51,7524.55,3.0,1,1,1,2,2,3.5,0,2020-09-23,
FUN-00764,Engenharia,Júnior,34,M,46,3185.32,4.0,3,3,0,5,6,4.1,0,2021-02-20,
FUN-00765,Financeiro,Pleno,26,F,60,6784.24,5.0,4,1,0,13,7,3.8,0,2019-12-28,
FUN-00766,RH,Coordenador,25,F,7,13267.5,4.0,4,3,0,10,4,,0,2024-05-05,
FUN-00767,Marketing,Júnior,24,M,10,3964.94,4.0,3,3,1,13,1,3.3,0,2024-02-05,
FUN-00768,Engenharia,Sênior,41,M,64,9787.41,2.0,2,4,0,5,7,3.0,0,2019-08-30,
FUN-00769,Operações,Coordenador,23,M,15,12906.46,4.0,4,2,0,8,1,4.8,0,2023-09-08,
FUN-00770,Produto,Sênior,38,F,25,10881.21,1.0,3,3,0,12,1,2.5,0,2022-11-12,
FUN-00771,Vendas,Sênior,38,M,52,13596.76,4.0,2,2,1,0,5,3.2,1,2020-08-24,2024-12-01
FUN-00772,Engenharia,Pleno,37,F,16,5648.42,3.0,1,1,1,1,6,2.1,0,2023-08-09,
FUN-00773,Financeiro,Pleno,32,F,25,7231.77,4.0,4,3,0,4,1,3.2,1,2022-11-12,2024-12-01
FUN-00774,Operações,Sênior,42,F,64,10161.24,4.0,2,3,1,2,5,3.8,0,2019-08-30,
FUN-00775,Produto,Coordenador,30,M,18,14167.69,2.0,2,3,0,5,7,4.4,0,2023-06-10,
FUN-00776,RH,Coordenador,29,M,25,11608.28,,2,1,0,9,6,2.7,0,2022-11-12,
FUN-00777,Vendas,Pleno,27,M,46,5708.87,5.0,2,1,0,6,2,4.4,0,2021-02-20,
FUN-00778,Suporte,Sênior,35,F,28,11787.68,3.0,3,3,0,12,7,4.0,0,2022-08-14,
FUN-00779,Financeiro,Pleno,27,M,62,8027.28,,3,5,0,0,7,1.9,0,2019-10-29,
FUN-00780,Operações,Sênior,48,M,25,8077.02,3.0,4,2,0,3,4,4.3,0,2022-11-12,
FUN-00781,Produto,Coordenador,36,F,1,13357.49,2.0,4,3,1,15,4,1.9,1,2024-11-01,2024-12-01
FUN-00782,Suporte,Coordenador,22,M,65,12353.82,4.0,3,2,0,19,1,3.8,1,2019-07-31,2024-12-01
FUN-00783,Vendas,Júnior,25,F,45,3438.23,3.0,3,3,0,16,1,4.6,0,2021-03-22,
FUN-00784,Operações,Pleno,33,F,40,5976.81,3.0,1,1,0,5,3,5.0,0,2021-08-19,
FUN-00785,Operações,Sênior,30,F,50,9938.54,3.0,1,3,0,16,7,2.5,0,2020-10-23,
FUN-00786,Marketing,Pleno,27,F,2,7229.41,3.0,3,2,0,7,2,,1,2024-10-02,2024-12-01
FUN-00787,Suporte,Sênior,43,F,25,10121.43,3.0,2,1,0,22,7,3.8,1,2022-11-12,2024-12-01
FUN-00788,Suporte,Júnior,32,M,22,4266.9,2.0,2,4,0,7,6,3.1,0,2023-02-10,
FUN-00789,Produto,Sênior,35,M,59,13149.65,2.0,1,1,0,13,3,4.2,1,2020-01-27,2024-12-01
FUN-00790,Produto,Júnior,29,M,1,3875.87,4.0,2,2,0,10,1,1.4,1,2024-11-01,2024-12-01
FUN-00791,Marketing,Coordenador,28,M,41,13879.1,4.0,3,3,0,10,7,4.3,1,2021-07-20,2024-12-01
FUN-00792,RH,Coordenador,26,M,61,16732.08,2.0,2,1,1,9,1,3.7,1,2019-11-28,2024-12-01
FUN-00793,Produto,Júnior,22,M,57,3269.79,4.0,2,3,0,2,5,4.1,0,2020-03-27,
FUN-00794,Operações,Coordenador,32,F,72,15958.96,3.0,2,3,0,7,7,4.9,0,2019-01-02,
FUN-00795,Suporte,Pleno,35,F,35,6918.47,4.0,2,2,0,1,7,3.5,0,2022-01-16,
FUN-00796,Vendas,Pleno,39,F,27,7121.1,2.0,4,3,0,13,5,2.8,0,2022-09-13,
FUN-00797,Suporte,Coordenador,22,F,22,16124.81,2.0,4,3,0,5,7,3.2,0,2023-02-10,
FUN-00798,Engenharia,Pleno,31,F,37,6314.69,2.0,2,2,0,6,7,2.9,0,2021-11-17,
FUN-00799,Engenharia,Coordenador,35,F,64,16655.09,2.0,3,4,1,3,7,3.9,0,2019-08-30,
FUN-00800,Marketing,Coordenador,38,M,20,13342.47,3.0,4,2,0,4,1,3.5,0,2023-04-11,
FUN-00801,Marketing,Sênior,38,F,1,11191.08,4.0,1,4,1,5,2,5.0,0,2024-11-01,
FUN-00802,Suporte,Júnior,22,F,8,5073.32,3.0,3,4,0,11,5,3.4,0,2024-04-05,
FUN-00803,RH,Júnior,38,M,40,4062.65,2.0,1,3,1,10,6,4.6,0,2021-08-19,
FUN-00804,Vendas,Sênior,34,F,12,8807.22,3.0,3,2,1,3,5,3.4,0,2023-12-07,
FUN-00805,RH,Coordenador,28,M,71,17134.25,2.0,1,1,0,4,5,3.2,0,2019-02-01,
FUN-00806,Produto,Pleno,34,F,18,4848.03,3.0,3,5,1,6,3,2.8,0,2023-06-10,
FUN-00807,Vendas,Pleno,31,F,37,6814.74,3.0,3,2,0,8,7,3.5,0,2021-11-17,
FUN-00808,Marketing,Sênior,38,M,69,11203.69,5.0,3,4,0,18,3,4.7,0,2019-04-02,
FUN-00809,Produto,Júnior,29,F,44,3549.53,3.0,3,5,0,9,3,3.2,0,2021-04-21,
FUN-00810,Vendas,Pleno,27,M,41,5440.94,3.0,5,4,1,4,5,2.7,0,2021-07-20,
FUN-00811,Produto,Gerente,34,M,38,18577.49,4.0,2,2,0,4,7,3.0,0,2021-10-18,
FUN-00812,Engenharia,Coordenador,26,M,71,12470.03,4.0,3,2,0,0,7,3.3,1,2019-02-01,2024-12-01
FUN-00813,Marketing,Pleno,32,F,70,6496.25,2.0,4,3,0,6,6,4.0,0,2019-03-03,
FUN-00814,Vendas,Pleno,29,M,65,6770.21,2.0,2,3,0,17,6,3.4,0,2019-07-31,
FUN-00815,Financeiro,Sênior,36,M,56,11456.03,3.0,2,3,0,23,1,2.9,0,2020-04-26,
FUN-00816,Produto,Júnior,27,F,24,3306.32,5.0,3,1,0,9,2,2.5,1,2022-12-12,2024-12-01
FUN-00817,Financeiro,Gerente,30,M,83,15957.14,3.0,3,3,0,0,4,3.8,1,2018-02-06,2024-12-01
FUN-00818,Marketing,Sênior,33,F,63,10106.09,4.0,1,4,0,17,4,3.6,1,2019-09-29,2024-12-01
FUN-00819,Vendas,Sênior,40,F,14,9338.66,4.0,3,4,0,12,6,,1,2023-10-08,2024-12-01
FUN-00820,Marketing,Pleno,38,F,1,6739.22,4.0,3,4,0,1,3,3.3,0,2024-11-01,
FUN-00821,Marketing,Sênior,22,F,23,11321.55,4.0,1,3,0,25,3,2.8,0,2023-01-11,
FUN-00822,RH,Pleno,38,F,40,8329.89,1.0,2,5,0,12,6,2.4,0,2021-08-19,
FUN-00823,Engenharia,Pleno,24,M,27,8203.33,5.0,5,1,0,10,5,3.2,0,2022-09-13,
FUN-00824,Financeiro,Sênior,31,M,18,11424.93,1.0,3,3,0,5,7,2.2,1,2023-06-10,2024-12-01
FUN-00825,RH,Sênior,29,M,61,11204.58,3.0,3,2,0,14,6,3.5,0,2019-11-28,
FUN-00826,Engenharia,Sênior,22,F,32,10950.21,2.0,1,2,0,1,7,4.3,1,2022-04-16,2024-12-01
FUN-00827,Operações,Pleno,22,M,64,6396.39,3.0,2,5,0,2,3,2.7,0,2019-08-30,
FUN-00828,Suporte,Júnior,24,M,34,4525.86,2.0,2,4,0,11,4,5.0,0,2022-02-15,
FUN-00829,RH,Júnior,38,F,39,3809.54,3.0,4,2,0,16,6,3.5,0,2021-09-18,
FUN-00830,Produto,Sênior,46,M,25,7919.68,5.0,4,1,1,4,1,3.4,1,2022-11-12,2024-12-01
FUN-00831,Engenharia,Pleno,31,F,20,6284.27,2.0,2,2,0,8,2,3.7,1,2023-04-11,2024-12-01
FUN-00832,Suporte,Gerente,36,M,45,19598.28,2.0,3,3,0,12,2,4.0,1,2021-03-22,2024-12-01
FUN-00833,Produto,Gerente,23,F,48,27536.11,4.0,4,3,0,17,2,3.4,0,2020-12-22,
FUN-00834,Suporte,Sênior,44,M,38,8992.97,4.0,5,1,1,14,5,4.2,0,2021-10-18,
FUN-00835,Suporte,Gerente,22,M,61,13550.71,3.0,3,3,0,6,5,1.8,1,2019-11-28,2024-12-01
FUN-00836,Operações,Pleno,24,M,1,6467.23,2.0,3,2,0,3,4,3.6,1,2024-11-01,2024-12-01
FUN-00837,Financeiro,Sênior,33,M,26,9716.41,3.0,2,1,0,15,3,3.4,0,2022-10-13,
FUN-00838,RH,Pleno,27,F,15,4107.9,4.0,3,3,0,3,2,2.9,0,2023-09-08,
FUN-00839,Suporte,Pleno,44,M,37,7256.23,2.0,3,4,1,11,1,3.5,0,2021-11-17,
FUN-00840,Marketing,Júnior,35,M,93,2571.5,5.0,3,3,0,18,4,2.9,0,2017-04-12,
FUN-00841,Operações,Gerente,33,F,77,21384.12,2.0,4,3,0,14,2,3.1,1,2018-08-05,2024-12-01
FUN-00842,Marketing,Sênior,27,F,28,7573.27,4.0,3,4,1,0,1,4.0,0,2022-08-14,
FUN-00843,Vendas,Pleno,26,F,39,7443.83,2.0,3,3,0,10,2,4.0,1,2021-09-18,2024-12-01
FUN-00844,Vendas,Coordenador,30,M,22,17596.56,2.0,1,4,0,0,5,3.7,0,2023-02-10,
FUN-00845,Financeiro,Júnior,27,M,20,5037.98,3.0,2,2,0,14,5,1.9,1,2023-04-11,2024-12-01
FUN-00846,Engenharia,Pleno,42,M,30,5641.25,2.0,3,2,0,12,4,1.9,0,2022-06-15,
FUN-00847,Engenharia,Coordenador,35,M,15,12879.3,4.0,3,2,0,3,2,2.3,0,2023-09-08,
FUN-00848,Operações,Coordenador,27,F,47,10177.69,4.0,4,3,0,7,5,2.2,0,2021-01-21,
FUN-00849,RH,Pleno,39,F,41,6382.87,2.0,3,4,0,1,7,4.5,0,2021-07-20,
FUN-00850,Suporte,Pleno,46,M,37,5232.78,2.0,3,2,0,0,6,3.6,1,2021-11-17,2024-12-01
FUN-00851,Vendas,Júnior,32,F,21,3407.72,5.0,3,2,0,6,2,2.4,0,2023-03-12,
FUN-00852,Financeiro,Júnior,37,F,37,3302.73,5.0,3,2,0,6,5,4.2,1,2021-11-17,2024-12-01
FUN-00853,Vendas,Coordenador,46,F,12,13248.94,3.0,3,3,0,5,3,4.9,0,2023-12-07,
FUN-00854,Vendas,Pleno,28,M,32,6716.38,3.0,3,4,1,5,6,2.5,0,2022-04-16,
FUN-00855,Operações,Sênior,33,F,71,14869.52,4.0,3,4,0,5,4,3.1,0,2019-02-01,
FUN-00856,Engenharia,Coordenador,26,F,13,13708.33,4.0,5,2,0,14,5,3.4,0,2023-11-07,
FUN-00857,Operações,Coordenador,36,F,54,13018.03,4.0,1,3,0,3,7,4.3,0,2020-06-25,
FUN-00858,Operações,Júnior,37,F,39,4510.92,3.0,3,1,0,11,4,5.0,1,2021-09-18,2024-12-01
FUN-00859,Marketing,Sênior,29,F,58,10467.13,2.0,4,1,0,12,3,3.4,0,2020-02-26,
FUN-00860,Suporte,Sênior,40,F,45,10194.19,3.0,3,2,1,9,4,2.4,0,2021-03-22,
FUN-00861,RH,Coordenador,30,M,7,10213.03,1.0,3,3,0,13,1,3.9,0,2024-05-05,
FUN-00862,Financeiro,Pleno,31,M,16,7834.22,2.0,2,1,0,10,2,2.4,1,2023-08-09,2024-12-01
FUN-00863,RH,Pleno,26,F,39,6830.84,2.0,3,2,0,18,7,3.1,1,2021-09-18,2024-12-01
FUN-00864,Vendas,Sênior,39,F,46,11604.11,4.0,1,2,0,13,1,3.8,1,2021-02-20,2024-12-01
FUN-00865,Marketing,Sênior,28,F,45,11221.77,4.0,4,4,0,9,7,4.9,0,2021-03-22,
FUN-00866,Produto,Júnior,34,M,7,4245.91,1.0,2,4,0,6,2,3.8,1,2024-05-05,2024-12-01
FUN-00867,Vendas,Júnior,38,F,8,4397.07,2.0,2,1,1,5,2,4.8,1,2024-04-05,2024-12-01
FUN-00868,Produto,Pleno,36,M,115,7612.47,4.0,3,3,1,18,7,2.9,0,2015-06-22,
FUN-00869,Produto,Pleno,37,M,69,5970.06,2.0,1,2,1,1,7,3.2,1,2019-04-02,2024-12-01
FUN-00870,Marketing,Pleno,34,M,50,6217.76,2.0,2,2,0,9,7,3.6,0,2020-10-23,
FUN-00871,Suporte,Gerente,34,F,54,19036.06,5.0,4,4,0,17,4,2.9,0,2020-06-25,
FUN-00872,Operações,Coordenador,40,F,35,12040.46,3.0,3,3,0,12,7,3.8,1,2022-01-16,2024-12-01
FUN-00873,Financeiro,Coordenador,30,M,38,17060.73,2.0,3,2,1,7,6,4.2,0,2021-10-18,
FUN-00874,Engenharia,Sênior,30,F,1,11440.95,2.0,2,3,0,11,1,3.1,0,2024-11-01,
FUN-00875,Suporte,Júnior,44,F,87,4971.32,3.0,2,4,0,8,6,3.8,0,2017-10-09,
FUN-00876,Engenharia,Sênior,27,M,81,10801.72,3.0,3,2,0,18,3,4.8,0,2018-04-07,
FUN-00877,Suporte,Gerente,26,F,54,16576.78,3.0,4,3,0,12,3,3.1,0,2020-06-25,
FUN-00878,RH,Coordenador,30,F,47,14441.33,3.0,2,2,0,0,2,2.4,0,2021-01-21,
FUN-00879,Marketing,Pleno,37,M,26,8270.96,2.0,3,1,1,9,7,2.8,0,2022-10-13,
FUN-00880,Operações,Sênior,39,M,41,12452.16,2.0,2,3,0,5,5,2.1,0,2021-07-20,
FUN-00881,Marketing,Sênior,27,M,43,10158.93,2.0,5,3,0,5,1,3.3,0,2021-05-21,
FUN-00882,RH,Júnior,36,F,36,3926.36,4.0,2,2,0,10,6,2.1,0,2021-12-17,
FUN-00883,Operações,Pleno,39,M,81,6657.08,4.0,3,5,0,0,6,,0,2018-04-07,
FUN-00884,Vendas,Pleno,29,M,17,4737.66,5.0,1,3,0,2,5,3.0,1,2023-07-10,2024-12-01
FUN-00885,RH,Sênior,25,F,68,11704.93,4.0,3,2,1,9,5,2.2,0,2019-05-02,
FUN-00886,Engenharia,Júnior,37,M,24,4594.05,4.0,4,4,0,8,3,2.8,0,2022-12-12,
FUN-00887,Engenharia,Coordenador,33,F,59,12394.67,3.0,3,1,1,6,3,2.5,0,2020-01-27,
FUN-00888,Financeiro,Pleno,22,F,32,7615.86,4.0,2,1,1,9,5,3.7,0,2022-04-16,
FUN-00889,Suporte,Sênior,42,M,28,11835.02,2.0,2,2,0,11,7,2.4,1,2022-08-14,2024-12-01
FUN-00890,Vendas,Pleno,33,M,35,7044.38,2.0,3,2,1,7,4,2.7,0,2022-01-16,
FUN-00891,Vendas,Pleno,39,F,52,7602.56,2.0,3,3,0,19,4,3.0,0,2020-08-24,
FUN-00892,Vendas,Pleno,35,F,59,7642.4,2.0,4,2,0,3,6,3.3,1,2020-01-27,2024-12-01
FUN-00893,Financeiro,Pleno,35,M,37,7622.49,1.0,1,3,0,4,7,4.1,0,2021-11-17,
FUN-00894,Suporte,Sênior,30,F,15,12108.94,3.0,3,3,1,9,3,3.4,0,2023-09-08,
FUN-00895,Operações,Júnior,34,M,22,4909.41,4.0,4,4,0,11,1,4.4,0,2023-02-10,
FUN-00896,Marketing,Júnior,26,F,1,3825.78,3.0,3,3,0,5,4,4.2,0,2024-11-01,
FUN-00897,Operações,Pleno,33,M,16,5091.07,3.0,3,3,0,9,5,2.9,0,2023-08-09,
FUN-00898,Suporte,Coordenador,54,F,31,12890.56,1.0,3,4,1,17,2,3.1,1,2022-05-16,2024-12-01
FUN-00899,Operações,Sênior,28,F,44,11483.18,4.0,4,3,0,6,2,4.8,0,2021-04-21,
FUN-00900,Operações,Pleno,33,M,71,5691.36,4.0,2,3,0,12,2,2.9,0,2019-02-01,
FUN-00901,Suporte,Pleno,30,M,2,7245.8,4.0,4,1,0,13,3,,0,2024-10-02,
FUN-00902,Engenharia,Pleno,27,F,30,6372.39,2.0,2,3,0,7,6,3.2,1,2022-06-15,2024-12-01
FUN-00903,Financeiro,Júnior,34,M,16,3834.48,3.0,5,4,0,2,3,2.6,0,2023-08-09,
FUN-00904,RH,Júnior,33,F,48,4318.51,1.0,1,2,0,3,4,1.9,1,2020-12-22,2024-12-01
FUN-00905,Produto,Gerente,26,F,43,18322.86,4.0,2,1,0,9,1,4.0,0,2021-05-21,
FUN-00906,RH,Júnior,40,F,28,4351.02,3.0,3,1,0,11,1,2.3,0,2022-08-14,
FUN-00907,RH,Pleno,33,F,24,5947.61,4.0,2,2,0,6,1,2.1,0,2022-12-12,
FUN-00908,RH,Júnior,24,F,45,4615.8,4.0,3,2,1,15,6,3.4,0,2021-03-22,
FUN-00909,Financeiro,Sênior,30,M,53,11548.66,3.0,3,1,0,0,2,3.1,0,2020-07-25,
FUN-00910,Produto,Júnior,35,M,31,3646.48,3.0,4,2,0,20,7,3.4,1,2022-05-16,2024-12-01
FUN-00911,Operações,Pleno,39,M,66,8008.73,4.0,3,4,0,4,3,4.4,0,2019-07-01,
FUN-00912,Vendas,Coordenador,30,F,55,12356.52,3.0,3,3,1,7,6,3.7,0,2020-05-26,
FUN-00913,Produto,Coordenador,41,F,3,13075.39,3.0,4,3,0,18,7,4.2,0,2024-09-02,
FUN-00914,Marketing,Gerente,33,F,54,19553.92,,3,2,1,6,3,3.1,0,2020-06-25,
FUN-00915,Operações,Sênior,25,F,1,9437.32,4.0,2,3,1,7,2,4.3,0,2024-11-01,
FUN-00916,Vendas,Pleno,37,M,56,8775.37,2.0,2,3,1,19,3,3.4,0,2020-04-26,
FUN-00917,Financeiro,Pleno,42,M,19,9602.33,5.0,1,3,0,15,2,3.0,0,2023-05-11,
FUN-00918,Marketing,Júnior,32,M,54,4382.19,3.0,5,3,1,8,5,4.0,0,2020-06-25,
FUN-00919,Financeiro,Pleno,35,F,11,6418.23,3.0,2,4,0,7,4,3.5,0,2024-01-06,
FUN-00920,Suporte,Júnior,26,F,66,3006.16,3.0,3,3,1,11,2,,0,2019-07-01,
FUN-00921,Financeiro,Sênior,27,M,25,11516.13,3.0,2,5,0,11,5,2.9,0,2022-11-12,
FUN-00922,Produto,Sênior,33,M,41,10410.04,4.0,4,1,0,11,7,,1,2021-07-20,2024-12-01
FUN-00923,RH,Pleno,38,M,24,7129.4,3.0,5,2,1,1,3,3.9,1,2022-12-12,2024-12-01
FUN-00924,Engenharia,Pleno,35,M,45,8578.0,1.0,4,2,1,11,4,2.1,0,2021-03-22,
FUN-00925,Vendas,Júnior,38,F,37,4192.71,3.0,4,2,0,10,2,3.7,0,2021-11-17,
FUN-00926,Financeiro,Pleno,26,F,57,5848.96,2.0,4,4,0,9,5,3.8,0,2020-03-27,
FUN-00927,Suporte,Sênior,38,M,52,10921.03,4.0,4,2,0,12,5,3.5,0,2020-08-24,
FUN-00928,Suporte,Pleno,30,F,69,7049.18,3.0,2,4,0,5,7,2.5,0,2019-04-02,
FUN-00929,Suporte,Pleno,29,F,59,8250.28,3.0,3,3,0,1,5,3.9,0,2020-01-27,
FUN-00930,Produto,Pleno,29,M,36,6167.08,3.0,1,3,0,4,4,3.1,0,2021-12-17,
FUN-00931,Vendas,Gerente,23,F,56,23261.19,2.0,2,5,0,2,3,4.0,0,2020-04-26,
FUN-00932,Marketing,Sênior,23,M,13,10947.74,3.0,4,3,0,7,6,2.6,0,2023-11-07,
FUN-00933,Operações,Sênior,30,M,7,8346.44,4.0,2,2,0,20,5,3.1,1,2024-05-05,2024-12-01
FUN-00934,Engenharia,Sênior,33,F,40,12122.51,2.0,3,2,0,11,7,4.7,0,2021-08-19,
FUN-00935,Marketing,Pleno,34,M,52,10333.03,4.0,2,5,0,8,3,2.9,0,2020-08-24,
FUN-00936,Marketing,Júnior,26,F,57,5078.51,3.0,4,4,0,12,3,3.6,0,2020-03-27,
FUN-00937,Financeiro,Sênior,35,M,70,9495.06,3.0,4,4,1,0,4,4.0,0,2019-03-03,
FUN-00938,Marketing,Júnior,34,M,90,4330.36,3.0,4,2,0,5,1,3.6,0,2017-07-11,
FUN-00939,Operações,Sênior,27,M,59,12119.2,3.0,2,1,0,2,1,4.1,0,2020-01-27,
FUN-00940,Financeiro,Júnior,41,M,24,3806.73,2.0,3,2,0,5,5,1.5,0,2022-12-12,
FUN-00941,Financeiro,Sênior,26,F,39,10702.25,3.0,5,3,0,12,1,3.1,0,2021-09-18,
FUN-00942,Suporte,Pleno,39,M,59,6597.85,1.0,2,1,1,10,4,3.4,1,2020-01-27,2024-12-01
FUN-00943,Vendas,Coordenador,40,M,70,12300.14,3.0,3,3,0,6,6,2.3,0,2019-03-03,
FUN-00944,Financeiro,Gerente,38,F,26,21329.64,3.0,3,3,0,5,1,3.4,0,2022-10-13,
FUN-00945,RH,Pleno,35,M,10,5264.59,4.0,5,4,0,8,4,3.6,0,2024-02-05,
FUN-00946,Produto,Sênior,27,M,57,8249.24,2.0,2,5,0,17,1,5.0,0,2020-03-27,
FUN-00947,Produto,Júnior,35,F,1,4601.48,3.0,3,4,0,9,6,3.4,0,2024-11-01,
FUN-00948,Financeiro,Pleno,38,M,40,7571.62,4.0,2,2,0,4,3,2.6,0,2021-08-19,
FUN-00949,Engenharia,Pleno,32,M,1,6969.92,2.0,2,3,1,12,2,4.0,0,2024-11-01,
FUN-00950,RH,Pleno,25,F,44,5154.74,,3,3,0,10,7,3.9,0,2021-04-21,
FUN-00951,Operações,Gerente,34,M,53,14889.93,4.0,4,5,0,7,7,4.0,0,2020-07-25,
FUN-00952,RH,Júnior,22,F,20,4332.46,3.0,2,4,0,14,3,3.9,0,2023-04-11,
FUN-00953,Vendas,Pleno,36,M,33,7128.5,2.0,1,1,0,10,4,3.2,0,2022-03-17,
FUN-00954,Engenharia,Sênior,36,F,39,7279.1,5.0,5,1,0,13,7,4.4,0,2021-09-18,
FUN-00955,Marketing,Coordenador,31,F,41,18246.02,2.0,2,4,1,0,7,5.0,0,2021-07-20,
FUN-00956,Suporte,Júnior,34,F,2,3648.31,3.0,3,3,0,6,5,2.4,1,2024-10-02,2024-12-01
FUN-00957,Produto,Sênior,30,M,4,11735.99,3.0,3,3,0,5,3,3.8,0,2024-08-03,
FUN-00958,Operações,Sênior,22,F,68,13231.43,,3,1,0,3,6,4.1,0,2019-05-02,
FUN-00959,RH,Sênior,30,M,68,10485.8,4.0,2,4,0,2,1,3.2,0,2019-05-02,
FUN-00960,Operações,Pleno,33,F,43,7513.52,2.0,3,5,1,5,1,4.4,0,2021-05-21,
FUN-00961,Suporte,Gerente,37,M,24,16867.35,3.0,3,2,0,8,2,2.7,0,2022-12-12,
FUN-00962,Marketing,Pleno,38,M,60,7694.47,4.0,3,4,1,9,5,3.1,0,2019-12-28,
FUN-00963,Suporte,Júnior,28,F,44,4218.61,4.0,3,4,0,9,1,5.0,0,2021-04-21,
FUN-00964,Financeiro,Pleno,25,M,51,6331.47,2.0,4,2,0,17,5,2.1,0,2020-09-23,
FUN-00965,Suporte,Júnior,30,M,25,3733.6,,4,1,1,11,2,3.6,0,2022-11-12,
FUN-00966,Suporte,Gerente,27,F,28,19447.77,5.0,2,4,0,5,7,5.0,0,2022-08-14,
FUN-00967,Engenharia,Coordenador,38,F,5,14537.43,4.0,1,2,1,5,7,5.0,0,2024-07-04,
FUN-00968,Marketing,Júnior,28,F,41,4066.95,4.0,2,5,0,11,2,4.7,0,2021-07-20,
FUN-00969,RH,Pleno,32,F,81,8282.97,4.0,2,3,0,1,3,4.3,0,2018-04-07,
FUN-00970,Financeiro,Júnior,28,F,60,4317.8,2.0,3,4,0,14,6,4.9,0,2019-12-28,
FUN-00971,Engenharia,Sênior,35,F,16,11369.74,2.0,3,3,0,10,7,4.4,1,2023-08-09,2024-12-01
FUN-00972,Marketing,Pleno,26,M,49,7790.86,3.0,2,1,1,3,1,4.6,0,2020-11-22,
FUN-00973,Produto,Pleno,32,F,10,7630.7,2.0,4,1,1,8,1,2.8,1,2024-02-05,2024-12-01
FUN-00974,Produto,Pleno,40,M,45,5715.21,4.0,3,3,1,8,3,3.7,0,2021-03-22,
FUN-00975,Financeiro,Coordenador,37,F,36,13965.67,3.0,4,2,0,3,4,,1,2021-12-17,2024-12-01
FUN-00976,Engenharia,Coordenador,28,F,34,13050.39,3.0,3,3,0,0,7,2.6,0,2022-02-15,
FUN-00977,Produto,Júnior,25,M,34,2967.6,2.0,3,3,1,5,4,3.4,0,2022-02-15,
FUN-00978,RH,Pleno,25,F,19,5317.96,3.0,3,2,0,4,1,4.7,0,2023-05-11,
FUN-00979,Vendas,Júnior,27,M,48,3801.14,3.0,3,5,0,16,2,3.8,1,2020-12-22,2024-12-01
FUN-00980,Engenharia,Júnior,36,M,43,4433.06,4.0,5,2,0,0,1,3.1,0,2021-05-21,
FUN-00981,Vendas,Sênior,41,M,64,11118.07,3.0,2,2,0,5,2,3.2,0,2019-08-30,
FUN-00982,Engenharia,Gerente,28,F,58,22506.31,5.0,3,3,0,4,1,3.5,1,2020-02-26,2024-12-01
FUN-00983,Suporte,Pleno,36,F,15,8119.57,1.0,5,2,0,12,3,4.3,0,2023-09-08,
FUN-00984,Financeiro,Júnior,33,M,29,3666.02,5.0,4,5,1,0,6,5.0,0,2022-07-15,
FUN-00985,Engenharia,Pleno,29,M,24,6898.2,3.0,2,1,1,11,5,4.0,1,2022-12-12,2024-12-01
FUN-00986,Financeiro,Gerente,26,M,69,19144.69,2.0,3,2,0,7,1,3.1,0,2019-04-02,
FUN-00987,Operações,Pleno,40,F,6,6472.64,2.0,4,5,1,2,3,3.3,1,2024-06-04,2024-12-01
FUN-00988,Suporte,Pleno,24,M,33,9238.0,3.0,3,1,0,23,7,3.7,1,2022-03-17,2024-12-01
FUN-00989,Marketing,Coordenador,40,F,39,14834.46,1.0,1,3,0,2,4,3.6,0,2021-09-18,
FUN-00990,Financeiro,Pleno,34,M,1,8600.52,1.0,2,3,0,8,2,4.4,0,2024-11-01,
FUN-00991,Financeiro,Júnior,28,F,36,3958.08,3.0,2,2,0,3,7,3.6,1,2021-12-17,2024-12-01
FUN-00992,Operações,Pleno,28,F,62,7587.37,3.0,2,2,1,18,7,4.3,0,2019-10-29,
FUN-00993,Financeiro,Sênior,38,F,51,10599.54,5.0,2,3,0,18,7,3.0,0,2020-09-23,
FUN-00994,Financeiro,Coordenador,29,F,40,15335.89,2.0,3,2,0,1,6,4.3,0,2021-08-19,
FUN-00995,Operações,Pleno,30,F,40,7187.01,1.0,2,4,1,3,5,3.1,0,2021-08-19,
FUN-00996,Vendas,Coordenador,29,F,1,17019.09,3.0,5,3,0,7,3,3.8,0,2024-11-01,
FUN-00997,Financeiro,Pleno,29,F,3,6303.76,3.0,3,2,1,0,6,4.0,0,2024-09-02,
FUN-00998,Engenharia,Sênior,36,M,1,8842.25,2.0,2,2,0,6,5,2.9,0,2024-11-01,
FUN-00999,RH,Sênior,34,F,45,10616.53,3.0,3,4,0,17,3,4.3,0,2021-03-22,
FUN-01000,Engenharia,Pleno,25,F,21,6786.15,5.0,4,1,0,8,1,3.5,1,2023-03-12,2024-12-01
FUN-01001,Vendas,Sênior,27,F,48,10040.76,4.0,4,1,1,5,2,3.6,0,2020-12-22,
FUN-01002,Operações,Júnior,29,M,58,4277.96,1.0,4,4,1,5,6,1.8,0,2020-02-26,
FUN-01003,Marketing,Gerente,40,F,34,16354.53,1.0,3,2,0,10,2,3.4,1,2022-02-15,2024-12-01
FUN-01004,Financeiro,Pleno,22,F,42,6590.11,2.0,3,2,0,9,7,1.7,0,2021-06-20,
FUN-01005,Engenharia,Sênior,29,F,55,10082.47,1.0,4,4,1,17,4,2.7,0,2020-05-26,
FUN-01006,Marketing,Pleno,22,M,64,8167.82,5.0,2,2,0,6,3,3.4,0,2019-08-30,
FUN-01007,Vendas,Pleno,29,M,57,7095.78,3.0,4,1,0,4,1,4.4,1,2020-03-27,2024-12-01
FUN-01008,Engenharia,Pleno,44,M,86,7622.53,3.0,3,1,1,19,3,3.7,1,2017-11-08,2024-12-01
FUN-01009,Marketing,Sênior,41,F,40,10495.27,3.0,3,2,1,12,7,3.8,0,2021-08-19,
FUN-01010,Financeiro,Júnior,29,F,59,4075.27,4.0,3,5,0,8,3,4.2,0,2020-01-27,
FUN-01011,Engenharia,Sênior,36,M,43,13879.88,3.0,3,3,0,5,2,4.5,0,2021-05-21,
FUN-01012,Engenharia,Sênior,26,M,1,10721.38,1.0,3,5,1,5,3,3.3,0,2024-11-01,
FUN-01013,Produto,Júnior,46,F,52,4534.11,4.0,3,2,0,4,7,4.1,0,2020-08-24,
FUN-01014,Financeiro,Sênior,43,F,62,10442.43,3.0,3,1,0,8,7,3.8,0,2019-10-29,
FUN-01015,Produto,Júnior,22,M,4,3970.03,4.0,3,1,0,9,6,1.9,0,2024-08-03,
FUN-01016,Suporte,Sênior,35,M,21,9958.34,4.0,5,2,1,12,5,3.5,0,2023-03-12,
FUN-01017,Produto,Júnior,23,F,29,3987.0,3.0,3,2,0,14,7,2.7,1,2022-07-15,2024-12-01
FUN-01018,Marketing,Júnior,28,F,66,4113.07,3.0,3,3,0,13,3,4.2,0,2019-07-01,
FUN-01019,Operações,Júnior,23,F,44,4727.52,2.0,3,3,1,7,2,4.2,1,2021-04-21,2024-12-01
FUN-01020,Engenharia,Júnior,35,F,48,4796.35,4.0,2,5,1,0,6,3.9,0,2020-12-22,
FUN-01021,Marketing,Júnior,28,M,96,4434.22,2.0,2,2,1,16,6,3.7,0,2017-01-12,
FUN-01022,Vendas,Coordenador,30,F,25,14993.08,4.0,4,2,1,18,3,5.0,1,2022-11-12,2024-12-01
FUN-01023,Operações,Júnior,41,F,50,5344.41,4.0,2,3,0,4,5,2.3,0,2020-10-23,
FUN-01024,Engenharia,Júnior,27,F,1,4032.62,2.0,3,5,0,9,2,2.8,0,2024-11-01,
FUN-01025,Marketing,Sênior,34,F,70,11905.58,2.0,5,1,0,0,3,3.9,0,2019-03-03,
FUN-01026,Produto,Pleno,33,F,1,5675.57,3.0,3,2,0,6,6,4.8,1,2024-11-01,2024-12-01
FUN-01027,Engenharia,Pleno,40,F,16,6855.52,3.0,5,3,0,0,4,2.7,0,2023-08-09,
FUN-01028,Financeiro,Pleno,29,F,62,8387.17,2.0,3,2,0,2,1,2.9,0,2019-10-29,
FUN-01029,Vendas,Coordenador,28,F,20,15392.84,2.0,4,4,0,12,1,4.0,0,2023-04-11,
FUN-01030,Engenharia,Coordenador,31,M,30,10488.66,2.0,1,2,1,9,2,3.4,0,2022-06-15,
FUN-01031,Operações,Júnior,30,F,22,3845.5,3.0,4,1,0,2,6,2.9,1,2023-02-10,2024-12-01
FUN-01032,Marketing,Júnior,31,M,20,3768.18,1.0,2,2,0,18,5,3.1,0,2023-04-11,
FUN-01033,Marketing,Pleno,26,F,54,5013.66,2.0,4,4,1,9,6,3.9,0,2020-06-25,
FUN-01034,Vendas,Gerente,34,F,50,18828.53,4.0,3,2,0,6,3,2.6,0,2020-10-23,
FUN-01035,RH,Pleno,25,F,37,5956.16,2.0,4,4,0,7,5,3.1,0,2021-11-17,
FUN-01036,Engenharia,Coordenador,39,F,27,15713.53,4.0,4,1,1,16,7,3.0,0,2022-09-13,
FUN-01037,RH,Pleno,39,M,15,6700.89,3.0,2,1,1,16,5,3.1,0,2023-09-08,
FUN-01038,Operações,Gerente,46,F,90,20969.52,3.0,4,2,0,3,3,3.5,0,2017-07-11,
FUN-01039,Marketing,Pleno,36,M,57,7396.29,5.0,3,1,0,2,6,2.4,0,2020-03-27,
FUN-01040,RH,Pleno,28,M,24,7823.68,5.0,3,3,1,13,5,2.8,0,2022-12-12,
FUN-01041,Engenharia,Gerente,30,F,70,21104.29,3.0,3,1,1,13,2,2.9,0,2019-03-03,
FUN-01042,Operações,Sênior,23,M,68,9341.8,4.0,2,2,0,1,5,2.9,0,2019-05-02,
FUN-01043,Produto,Sênior,31,M,30,11405.66,5.0,3,1,0,2,3,2.1,0,2022-06-15,
FUN-01044,Operações,Sênior,25,F,10,9065.55,3.0,5,2,0,1,1,3.2,0,2024-02-05,
FUN-01045,Vendas,Sênior,25,F,29,8729.71,3.0,4,3,0,9,1,3.7,0,2022-07-15,
FUN-01046,Engenharia,Sênior,28,F,41,10507.49,,4,4,0,19,6,2.1,0,2021-07-20,
FUN-01047,Engenharia,Pleno,23,M,42,7759.81,4.0,3,1,0,3,6,3.4,1,2021-06-20,2024-12-01
FUN-01048,RH,Gerente,28,M,23,19969.39,3.0,1,1,0,6,6,2.9,0,2023-01-11,
FUN-01049,Engenharia,Coordenador,44,M,20,12551.02,2.0,4,4,1,0,1,4.0,1,2023-04-11,2024-12-01
FUN-01050,Engenharia,Pleno,29,F,2,8014.03,3.0,2,1,0,10,7,3.1,0,2024-10-02,
FUN-01051,Suporte,Coordenador,26,M,40,15419.84,4.0,4,1,0,11,7,4.7,0,2021-08-19,
FUN-01052,Engenharia,Sênior,42,M,34,9953.94,5.0,3,1,1,13,5,2.2,0,2022-02-15,
FUN-01053,Operações,Gerente,22,F,38,19617.78,2.0,3,2,0,2,7,4.0,0,2021-10-18,
FUN-01054,Vendas,Júnior,26,M,28,2500.0,5.0,4,2,0,3,5,2.6,1,2022-08-14,2024-12-01
FUN-01055,Produto,Sênior,23,F,46,8654.22,3.0,3,2,0,17,6,4.5,0,2021-02-20,
FUN-01056,Marketing,Sênior,38,M,15,6796.24,4.0,2,3,0,11,5,4.1,0,2023-09-08,
FUN-01057,RH,Coordenador,42,M,59,13584.12,3.0,5,5,0,0,3,3.2,0,2020-01-27,
FUN-01058,Produto,Júnior,28,F,35,4165.81,2.0,5,2,0,14,2,4.6,1,2022-01-16,2024-12-01
FUN-01059,Produto,Sênior,43,F,36,9563.98,2.0,3,4,1,1,1,3.8,0,2021-12-17,
FUN-01060,Produto,Pleno,33,M,1,6887.05,1.0,4,2,1,9,1,3.6,0,2024-11-01,
FUN-01061,RH,Coordenador,36,F,40,16623.64,2.0,3,2,1,14,1,3.2,1,2021-08-19,2024-12-01
FUN-01062,Engenharia,Gerente,31,M,61,17904.48,3.0,4,4,1,8,6,4.6,0,2019-11-28,
FUN-01063,Produto,Sênior,45,F,29,10206.04,4.0,4,3,0,10,7,3.8,0,2022-07-15,
FUN-01064,Engenharia,Pleno,30,M,33,6534.14,2.0,3,2,1,6,4,4.8,0,2022-03-17,
FUN-01065,Produto,Júnior,37,F,5,5175.95,3.0,5,1,1,8,6,4.9,0,2024-07-04,
FUN-01066,Marketing,Pleno,28,M,71,5857.36,4.0,5,2,0,10,1,2.5,0,2019-02-01,
FUN-01067,Vendas,Coordenador,34,F,36,11135.85,3.0,3,3,0,10,2,5.0,0,2021-12-17,
FUN-01068,Engenharia,Coordenador,30,F,72,17669.71,4.0,1,2,0,17,1,5.0,0,2019-01-02,
FUN-01069,Engenharia,Júnior,34,M,1,3673.98,3.0,3,3,0,9,6,3.8,1,2024-11-01,2024-12-01
FUN-01070,Suporte,Pleno,34,M,21,8369.67,2.0,2,3,0,11,1,4.1,0,2023-03-12,
FUN-01071,Operações,Pleno,49,M,29,7962.28,4.0,3,5,0,4,3,,0,2022-07-15,
FUN-01072,Vendas,Pleno,44,M,22,7658.56,2.0,2,2,0,12,3,4.3,0,2023-02-10,
FUN-01073,RH,Júnior,27,M,75,3023.5,3.0,2,2,0,11,2,,0,2018-10-04,
FUN-01074,Produto,Júnior,43,F,21,3665.05,4.0,1,3,0,11,1,5.0,0,2023-03-12,
FUN-01075,Operações,Coordenador,38,M,52,10275.77,4.0,2,5,1,7,7,4.1,0,2020-08-24,
FUN-01076,Operações,Coordenador,33,M,39,15107.97,5.0,2,2,1,4,1,3.7,0,2021-09-18,
FUN-01077,Marketing,Júnior,28,F,37,3970.19,3.0,3,2,0,18,2,4.3,0,2021-11-17,
FUN-01078,Engenharia,Pleno,30,M,66,7207.24,3.0,5,4,1,12,1,3.1,0,2019-07-01,
FUN-01079,Engenharia,Gerente,22,M,65,21370.44,3.0,2,1,0,0,5,3.7,0,2019-07-31,
FUN-01080,Vendas,Pleno,22,F,17,8588.61,2.0,4,2,1,9,3,4.1,0,2023-07-10,
FUN-01081,Financeiro,Pleno,27,F,36,4800.5,5.0,2,4,0,15,1,3.4,1,2021-12-17,2024-12-01
FUN-01082,Marketing,Pleno,27,M,46,7528.84,3.0,3,3,0,0,3,2.7,0,2021-02-20,
FUN-01083,Marketing,Pleno,42,F,10,7316.07,2.0,2,2,0,11,1,4.3,0,2024-02-05,
FUN-01084,Suporte,Pleno,23,M,1,7423.16,4.0,1,3,0,4,3,3.7,0,2024-11-01,
FUN-01085,Marketing,Coordenador,40,F,8,15934.03,3.0,4,2,0,0,6,3.1,0,2024-04-05,
FUN-01086,Produto,Sênior,44,M,48,14003.74,4.0,3,2,0,5,1,2.9,0,2020-12-22,
FUN-01087,Operações,Coordenador,27,M,24,14247.05,3.0,4,4,0,1,7,2.5,0,2022-12-12,
FUN-01088,Operações,Coordenador,36,M,25,12343.19,2.0,5,3,0,12,5,4.3,0,2022-11-12,
FUN-01089,Vendas,Sênior,45,M,13,14176.72,2.0,3,2,1,4,4,3.7,1,2023-11-07,2024-12-01
FUN-01090,Marketing,Sênior,27,M,43,12138.75,2.0,4,1,1,9,4,3.1,1,2021-05-21,2024-12-01
FUN-01091,RH,Sênior,33,M,1,10363.66,3.0,2,1,0,8,5,3.8,0,2024-11-01,
FUN-01092,Operações,Sênior,30,F,27,13769.01,3.0,3,3,0,14,3,3.8,0,2022-09-13,
FUN-01093,Marketing,Sênior,31,F,38,11875.83,2.0,3,3,0,2,7,4.0,0,2021-10-18,
FUN-01094,RH,Coordenador,36,F,23,12278.73,3.0,3,3,0,14,6,3.5,0,2023-01-11,
FUN-01095,RH,Sênior,27,M,47,12441.25,3.0,4,5,0,0,6,1.8,1,2021-01-21,2024-12-01
FUN-01096,Produto,Júnior,22,F,69,3934.01,2.0,4,2,1,2,6,3.5,0,2019-04-02,
FUN-01097,Financeiro,Júnior,26,F,39,4063.64,2.0,2,3,0,6,2,1.9,0,2021-09-18,
FUN-01098,Vendas,Júnior,41,F,55,4180.76,2.0,3,3,0,17,3,4.0,1,2020-05-26,2024-12-01
FUN-01099,Marketing,Júnior,31,F,37,4732.18,2.0,3,1,0,15,2,2.3,0,2021-11-17,
FUN-01100,Engenharia,Coordenador,45,F,33,13971.94,4.0,3,5,1,8,7,5.0,0,2022-03-17,
FUN-01101,Operações,Pleno,38,F,28,8015.91,5.0,4,3,0,5,4,4.2,0,2022-08-14,
FUN-01102,Suporte,Sênior,23,F,57,11256.42,4.0,4,1,0,7,6,3.3,0,2020-03-27,
FUN-01103,Marketing,Júnior,36,M,91,4073.55,3.0,5,2,0,13,5,2.3,0,2017-06-11,
FUN-01104,Financeiro,Sênior,31,M,49,8002.11,3.0,3,2,0,0,7,3.0,1,2020-11-22,2024-12-01
FUN-01105,RH,Pleno,32,M,1,8072.72,3.0,1,4,0,8,3,2.4,0,2024-11-01,
FUN-01106,Produto,Pleno,25,F,101,8673.41,4.0,3,2,0,2,6,1.6,0,2016-08-15,
FUN-01107,Marketing,Júnior,37,M,6,4208.78,5.0,2,4,1,11,1,2.8,0,2024-06-04,
FUN-01108,RH,Sênior,25,F,28,7630.62,2.0,4,4,0,6,2,2.8,0,2022-08-14,
FUN-01109,Marketing,Pleno,30,F,14,6953.66,4.0,3,1,0,13,7,1.2,0,2023-10-08,
FUN-01110,Marketing,Sênior,30,F,1,9822.93,3.0,2,2,0,6,3,3.8,0,2024-11-01,
FUN-01111,Produto,Pleno,39,M,5,5579.7,4.0,3,3,0,2,6,3.0,0,2024-07-04,
FUN-01112,Marketing,Júnior,30,F,32,4136.96,3.0,2,4,1,3,7,1.8,1,2022-04-16,2024-12-01
FUN-01113,Engenharia,Pleno,39,F,60,7773.92,4.0,2,1,0,2,6,3.0,1,2019-12-28,2024-12-01
FUN-01114,Vendas,Pleno,32,F,75,5861.18,2.0,1,3,0,4,5,3.3,0,2018-10-04,
FUN-01115,Marketing,Júnior,50,F,66,4197.09,2.0,2,4,0,15,7,3.8,0,2019-07-01,
FUN-01116,Produto,Pleno,22,M,52,7599.35,2.0,4,1,0,1,3,3.6,0,2020-08-24,
FUN-01117,Engenharia,Júnior,22,M,35,2890.5,3.0,4,1,1,0,1,3.7,0,2022-01-16,
FUN-01118,Produto,Sênior,22,F,20,8615.93,5.0,2,3,1,8,1,4.6,0,2023-04-11,
FUN-01119,Vendas,Sênior,29,M,64,11738.9,4.0,3,2,1,10,4,2.3,0,2019-08-30,
FUN-01120,Financeiro,Pleno,29,M,55,6665.29,3.0,3,1,0,0,5,2.7,0,2020-05-26,
FUN-01121,Suporte,Júnior,22,M,22,4296.95,3.0,1,1,0,5,5,3.6,0,2023-02-10,
FUN-01122,RH,Sênior,33,M,1,12055.7,3.0,4,3,0,5,2,4.3,0,2024-11-01,
FUN-01123,Produto,Pleno,34,F,1,5666.81,4.0,3,3,1,7,6,2.8,0,2024-11-01,
FUN-01124,Engenharia,Coordenador,32,M,25,12311.99,3.0,3,2,0,0,7,3.1,1,2022-11-12,2024-12-01
FUN-01125,Suporte,Pleno,26,F,56,6301.83,5.0,3,3,0,8,7,5.0,0,2020-04-26,
FUN-01126,Suporte,Júnior,28,M,34,4513.57,2.0,1,2,0,13,3,4.1,1,2022-02-15,2024-12-01
FUN-01127,Engenharia,Júnior,23,F,44,3788.89,3.0,4,1,0,14,7,3.4,0,2021-04-21,
FUN-01128,Produto,Pleno,42,F,20,7241.51,3.0,2,2,0,13,4,4.6,0,2023-04-11,
FUN-01129,Financeiro,Júnior,38,F,42,3575.91,2.0,3,2,1,0,7,3.1,0,2021-06-20,
FUN-01130,Marketing,Gerente,29,F,12,14053.97,3.0,2,4,0,13,1,3.0,1,2023-12-07,2024-12-01
FUN-01131,Marketing,Sênior,38,M,50,15372.92,1.0,2,3,0,8,5,3.5,1,2020-10-23,2024-12-01
FUN-01132,Suporte,Júnior,34,F,36,3486.82,3.0,5,3,0,1,1,2.5,0,2021-12-17,
FUN-01133,Vendas,Coordenador,35,M,48,13530.4,3.0,1,3,0,13,4,3.2,0,2020-12-22,
FUN-01134,Vendas,Pleno,26,M,8,7723.22,1.0,4,4,0,19,5,2.9,0,2024-04-05,
FUN-01135,Operações,Sênior,29,M,58,11856.3,3.0,4,2,0,10,3,3.2,0,2020-02-26,
FUN-01136,Financeiro,Júnior,43,F,42,2901.85,5.0,2,3,0,3,5,,0,2021-06-20,
FUN-01137,RH,Júnior,54,F,52,3625.78,4.0,2,3,1,0,7,2.7,0,2020-08-24,
FUN-01138,Financeiro,Pleno,35,M,62,7781.46,1.0,2,2,1,0,5,4.6,0,2019-10-29,
FUN-01139,Operações,Júnior,34,F,18,3556.59,5.0,2,4,0,10,2,4.4,1,2023-06-10,2024-12-01
FUN-01140,Suporte,Pleno,33,F,47,5959.12,3.0,1,4,0,18,7,4.3,0,2021-01-21,
FUN-01141,Vendas,Pleno,37,F,18,5656.09,2.0,1,3,0,1,2,3.3,0,2023-06-10,
FUN-01142,RH,Júnior,22,F,50,4413.38,4.0,3,1,0,1,7,2.9,0,2020-10-23,
FUN-01143,Produto,Pleno,27,F,31,6866.5,3.0,4,3,0,24,3,3.4,1,2022-05-16,2024-12-01
FUN-01144,Produto,Sênior,33,M,30,9877.93,3.0,3,4,0,9,3,2.5,0,2022-06-15,
FUN-01145,Operações,Júnior,29,F,25,3621.07,5.0,1,3,0,2,4,4.0,0,2022-11-12,
FUN-01146,Marketing,Pleno,49,F,42,9450.27,5.0,4,1,0,9,2,2.0,0,2021-06-20,
FUN-01147,RH,Coordenador,22,M,26,13790.63,3.0,4,1,0,0,4,3.8,0,2022-10-13,
FUN-01148,RH,Coordenador,22,F,25,16216.46,3.0,1,1,1,0,7,2.7,0,2022-11-12,
FUN-01149,Produto,Pleno,33,F,22,5392.52,3.0,3,1,1,11,4,3.6,0,2023-02-10,
FUN-01150,Suporte,Pleno,30,F,1,6622.1,2.0,4,4,0,18,6,2.5,0,2024-11-01,
FUN-01151,Engenharia,Sênior,40,F,52,10234.47,4.0,2,2,0,4,1,2.7,0,2020-08-24,
FUN-01152,Suporte,Sênior,26,M,47,10740.9,2.0,4,3,1,5,1,4.8,0,2021-01-21,
FUN-01153,Engenharia,Sênior,28,F,1,10109.5,3.0,4,2,1,6,7,3.9,0,2024-11-01,
FUN-01154,Produto,Pleno,33,M,2,6330.11,4.0,4,2,0,4,4,4.5,0,2024-10-02,
FUN-01155,Suporte,Sênior,28,F,6,14263.35,2.0,4,2,0,5,7,4.3,0,2024-06-04,
FUN-01156,RH,Pleno,42,M,39,5432.93,4.0,2,4,0,0,2,,0,2021-09-18,
FUN-01157,Financeiro,Gerente,30,M,59,21383.08,3.0,2,5,1,8,6,3.6,0,2020-01-27,
FUN-01158,RH,Pleno,30,F,18,6638.96,1.0,3,2,1,2,6,2.3,1,2023-06-10,2024-12-01
FUN-01159,RH,Pleno,29,M,1,4638.88,2.0,3,1,1,12,4,4.7,1,2024-11-01,2024-12-01
FUN-01160,Vendas,Pleno,30,F,4,6492.92,4.0,2,1,0,13,7,4.0,0,2024-08-03,
FUN-01161,Operações,Júnior,27,M,35,4102.76,3.0,2,5,0,10,4,3.5,0,2022-01-16,
FUN-01162,Produto,Pleno,35,F,50,6879.0,3.0,3,2,1,10,3,3.7,0,2020-10-23,
FUN-01163,Financeiro,Gerente,29,M,10,20826.35,2.0,4,1,0,19,4,4.8,1,2024-02-05,2024-12-01
FUN-01164,Engenharia,Gerente,33,F,5,18693.28,2.0,2,1,1,3,1,4.3,0,2024-07-04,
FUN-01165,RH,Júnior,40,F,14,3353.93,2.0,5,4,1,1,1,4.9,0,2023-10-08,
FUN-01166,Vendas,Coordenador,28,M,45,11038.69,5.0,4,2,0,2,3,2.8,0,2021-03-22,
FUN-01167,Operações,Sênior,34,F,40,11450.97,2.0,3,2,0,15,1,4.8,0,2021-08-19,
FUN-01168,Financeiro,Pleno,23,F,30,8423.94,4.0,5,3,1,19,7,2.8,0,2022-06-15,
FUN-01169,Marketing,Júnior,36,F,1,4168.37,4.0,3,5,1,10,2,3.5,0,2024-11-01,
FUN-01170,Financeiro,Júnior,35,F,36,3906.76,2.0,2,4,0,2,2,4.8,0,2021-12-17,
FUN-01171,Operações,Pleno,28,M,113,6722.51,3.0,2,3,1,3,7,4.5,0,2015-08-21,
FUN-01172,Produto,Sênior,30,M,10,12217.21,1.0,3,2,1,19,4,2.9,0,2024-02-05,
FUN-01173,Engenharia,Pleno,22,M,31,6943.11,3.0,4,3,0,11,7,3.4,0,2022-05-16,
FUN-01174,Produto,Pleno,29,F,60,5792.78,2.0,2,5,0,1,6,2.9,0,2019-12-28,
FUN-01175,Financeiro,Sênior,35,M,1,9493.44,1.0,4,3,1,7,4,4.0,0,2024-11-01,
FUN-01176,Suporte,Coordenador,29,F,1,11538.03,3.0,2,2,0,0,5,2.7,0,2024-11-01,
FUN-01177,Operações,Júnior,35,M,37,4600.71,4.0,3,1,0,0,3,2.7,0,2021-11-17,
FUN-01178,Engenharia,Gerente,39,F,2,21936.05,4.0,3,2,0,4,6,3.8,1,2024-10-02,2024-12-01
FUN-01179,RH,Coordenador,31,F,6,13503.49,3.0,3,1,0,2,5,4.8,0,2024-06-04,
FUN-01180,Marketing,Sênior,25,M,44,9626.92,1.0,4,3,0,7,1,3.8,0,2021-04-21,
FUN-01181,RH,Sênior,34,F,67,10889.69,4.0,2,4,0,0,3,3.4,0,2019-06-01,
FUN-01182,RH,Sênior,36,M,1,13654.93,4.0,3,3,0,17,7,5.0,0,2024-11-01,
FUN-01183,Produto,Pleno,23,F,1,7350.79,3.0,1,3,0,4,1,5.0,0,2024-11-01,
FUN-01184,Produto,Sênior,28,F,23,8424.48,3.0,4,3,0,12,1,2.8,0,2023-01-11,
FUN-01185,Marketing,Júnior,43,M,1,3946.67,4.0,2,2,1,0,1,3.3,1,2024-11-01,2024-12-01
FUN-01186,RH,Sênior,25,F,74,11111.65,4.0,3,4,0,0,4,4.1,0,2018-11-03,
FUN-01187,Produto,Pleno,22,F,50,6272.2,4.0,3,2,0,8,2,3.4,0,2020-10-23,
FUN-01188,Operações,Pleno,29,M,38,6664.18,5.0,3,2,0,10,3,4.6,0,2021-10-18,
FUN-01189,Marketing,Júnior,27,F,50,4212.13,2.0,3,1,0,0,6,3.6,0,2020-10-23,
FUN-01190,Vendas,Júnior,34,M,27,4153.87,3.0,3,4,1,15,1,2.4,0,2022-09-13,
FUN-01191,Vendas,Sênior,35,M,1,12231.88,2.0,3,2,0,0,3,3.4,0,2024-11-01,
FUN-01192,Vendas,Sênior,26,M,58,9855.36,4.0,3,3,0,12,4,3.5,0,2020-02-26,
FUN-01193,Engenharia,Coordenador,34,M,72,11511.52,4.0,2,3,0,11,3,3.8,1,2019-01-02,2024-12-01
FUN-01194,Vendas,Pleno,35,F,15,5002.15,3.0,3,2,0,14,2,4.4,1,2023-09-08,2024-12-01
FUN-01195,Marketing,Sênior,44,M,50,9721.18,2.0,1,1,0,0,7,2.3,0,2020-10-23,
FUN-01196,Suporte,Júnior,36,F,26,4472.11,5.0,4,1,0,4,1,3.7,0,2022-10-13,
FUN-01197,Engenharia,Sênior,30,F,25,12688.2,3.0,2,3,0,4,1,3.5,1,2022-11-12,2024-12-01
FUN-01198,Vendas,Sênior,45,M,30,10142.65,2.0,5,4,0,16,5,3.2,1,2022-06-15,2024-12-01
FUN-01199,Financeiro,Júnior,51,M,18,3876.84,3.0,2,4,1,16,6,3.6,0,2023-06-10,
FUN-01200,Produto,Pleno,38,F,44,7883.91,2.0,3,3,0,3,1,2.4,0,2021-04-21,
