municipio,ano,populacao,pib_per_capita,idh,taxa_analfabetismo_pct,anos_estudo_medio,mortalidade_infantil_por_mil,expectativa_vida_anos,indice_gini,cobertura_esgoto_pct,cobertura_agua_pct
Fortaleza,2020,2700000,8083.0,0.731,19.5,7.5,20.8,71.9,,56.6,85.4
Fortaleza,2021,2727000,8244.66,0.733,19.2,7.6,20.6,71.9,0.592,,85.4
Fortaleza,2022,2754000,8406.32,0.735,18.9,7.7,20.4,71.9,0.592,58.6,85.4
Fortaleza,2023,2781000,8567.98,0.737,18.6,7.8,20.2,71.9,0.592,59.6,85.4
Caucaia,2020,276800,15766.8,0.749,9.6,12.1,12.5,73.3,0.579,85.2,99.1
Caucaia,2021,279568,16082.14,0.751,9.3,12.2,12.3,73.3,0.579,86.2,99.1
Caucaia,2022,282336,16397.48,0.753,9.0,12.3,12.1,73.3,0.579,87.2,99.1
Caucaia,2023,285104,16712.81,0.755,8.7,12.4,11.9,73.3,,,99.1
Juazeiro do Norte,2020,204726,25652.48,0.731,22.2,7.2,15.6,69.1,0.453,43.6,74.3
Juazeiro do Norte,2021,206773,26165.53,0.733,21.9,7.3,15.4,69.1,0.453,44.6,74.3
Juazeiro do Norte,2022,208820,26678.58,0.735,21.6,7.4,15.2,69.1,0.453,45.6,74.3
Juazeiro do Norte,2023,210867,27191.63,0.737,21.3,7.5,15.0,69.1,0.453,,74.3
Maracanaú,2020,221587,16425.76,0.593,20.8,7.1,15.2,73.8,0.471,65.9,93.5
Maracanaú,2021,223802,16754.28,0.595,20.5,7.2,15.0,73.8,0.471,66.9,93.5
Maracanaú,2022,226018,17082.79,0.597,20.2,7.3,14.8,73.8,0.471,67.9,93.5
Maracanaú,2023,228234,17411.31,0.599,19.9,7.4,14.6,73.8,0.471,68.9,93.5
Sobral,2020,147605,19425.01,0.641,17.1,7.6,18.2,73.1,0.539,52.7,92.8
Sobral,2021,149081,19813.51,0.643,16.8,7.7,18.0,73.1,0.539,53.7,92.8
Sobral,2022,150557,20202.01,0.645,16.5,7.8,17.8,73.1,0.539,54.7,92.8
Sobral,2023,152033,20590.51,0.647,16.2,7.9,17.6,73.1,0.539,55.7,92.8
Crato,2020,136170,17446.79,0.77,19.2,6.6,15.7,68.6,0.504,66.1,99.5
Crato,2021,137531,17795.73,0.772,18.9,6.7,15.5,68.6,0.504,67.1,99.5
Crato,2022,138893,18144.66,0.774,18.6,6.8,15.3,68.6,0.504,68.1,99.5
Crato,2023,140255,18493.6,0.776,18.3,6.9,15.1,68.6,0.504,69.1,99.5
Itapipoca,2020,136461,16818.31,0.683,24.8,9.6,15.7,74.9,0.496,,76.0
Itapipoca,2021,137825,17154.68,0.685,24.5,9.7,15.5,74.9,0.496,48.7,76.0
Itapipoca,2022,139190,17491.04,0.687,24.2,9.8,15.3,74.9,0.496,49.7,76.0
Itapipoca,2023,140554,17827.41,0.689,23.9,9.9,15.1,74.9,0.496,50.7,76.0
Maranguape,2020,129033,19015.68,0.663,14.7,8.2,15.2,69.7,0.457,50.0,92.6
Maranguape,2021,130323,19395.99,0.665,14.4,8.3,15.0,69.7,0.457,51.0,92.6
Maranguape,2022,131613,19776.31,0.667,14.1,8.4,14.8,69.7,0.457,52.0,92.6
Maranguape,2023,132903,20156.62,0.669,13.8,8.5,14.6,69.7,0.457,53.0,92.6
Iguatu,2020,88775,14963.51,0.746,17.7,7.0,8.6,79.3,0.57,81.9,81.5
Iguatu,2021,89662,15262.78,0.748,17.4,7.1,8.4,79.3,0.57,82.9,81.5
Iguatu,2022,90550,15562.05,0.75,17.1,7.2,8.2,79.3,0.57,83.9,81.5
Iguatu,2023,91438,15861.32,0.752,16.8,7.3,8.0,79.3,0.57,84.9,81.5
Quixadá,2020,123127,17399.36,0.655,20.0,7.5,19.8,72.0,,47.9,100.0
Quixadá,2021,124358,17747.34,0.657,19.7,7.6,19.6,72.0,0.469,48.9,100.0
Quixadá,2022,125589,18095.33,0.659,19.4,7.7,19.4,72.0,0.469,49.9,100.0
Quixadá,2023,126820,18443.32,0.661,19.1,7.8,19.2,72.0,0.469,50.9,100.0
Pacatuba,2020,38963,6867.11,0.543,24.3,4.6,24.0,67.8,0.425,0.8,69.8
Pacatuba,2021,39352,7004.45,0.545,24.0,4.7,23.8,67.8,0.425,1.8,69.8
Pacatuba,2022,39742,7141.79,0.547,23.7,4.8,23.6,67.8,0.425,2.8,69.8
Pacatuba,2023,40131,7279.14,0.549,23.4,4.9,23.4,67.8,0.425,3.8,69.8
Aquiraz,2020,34381,5083.42,0.595,28.3,7.0,19.2,68.6,0.448,13.6,64.8
Aquiraz,2021,34724,5185.09,0.597,28.0,7.1,19.0,68.6,0.448,14.6,64.8
Aquiraz,2022,35068,5286.76,999.0,27.7,7.2,18.8,68.6,0.448,15.6,64.8
Aquiraz,2023,35412,5388.43,0.601,27.4,7.3,18.6,68.6,0.448,16.6,64.8
Canindé,2020,42694,4668.3,0.622,25.1,7.5,19.9,70.5,0.469,36.4,69.5
Canindé,2021,43120,4761.67,0.624,24.8,7.6,19.7,70.5,0.469,37.4,69.5
Canindé,2022,43547,4855.03,0.626,24.5,7.7,19.5,70.5,0.469,38.4,69.5
Canindé,2023,43974,4948.4,0.628,24.2,7.8,19.3,70.5,0.469,39.4,69.5
Russas,2020,16814,8353.19,0.543,27.1,7.6,24.3,68.9,0.533,25.1,66.8
Russas,2021,16982,8520.25,0.545,26.8,7.7,24.1,68.9,0.533,26.1,66.8
Russas,2022,17150,8687.32,0.547,26.5,7.8,23.9,68.9,0.533,27.1,66.8
Russas,2023,17318,8854.38,0.549,26.2,7.9,23.7,68.9,0.533,28.1,66.8
Tianguá,2020,44429,15276.39,0.64,17.4,6.3,18.6,75.5,0.521,35.3,61.5
Tianguá,2021,44873,15581.92,0.642,17.1,6.4,18.4,75.5,0.521,,61.5
Tianguá,2022,45317,15887.45,0.644,16.8,6.5,18.2,75.5,0.521,37.3,61.5
Tianguá,2023,45761,16192.97,0.646,16.5,6.6,18.0,75.5,0.521,38.3,61.5
Crateús,2020,23923,5979.26,0.738,27.1,6.3,17.7,71.5,0.559,46.5,54.3
Crateús,2021,24162,6098.84,0.74,26.8,6.4,17.5,71.5,0.559,47.5,54.3
Crateús,2022,24401,6218.43,0.742,26.5,6.5,17.3,71.5,0.559,48.5,54.3
Crateús,2023,24640,6338.01,0.744,26.2,6.6,17.1,71.5,0.559,49.5,54.3
Aracati,2020,7386,3000.0,0.645,22.9,6.4,25.1,70.3,0.56,40.8,66.3
Aracati,2021,7459,3060.0,0.647,22.6,6.5,24.9,70.3,0.56,41.8,66.3
Aracati,2022,7533,3120.0,0.649,22.3,6.6,24.7,70.3,0.56,42.8,66.3
Aracati,2023,7607,3180.0,0.651,22.0,6.7,24.5,70.3,0.56,43.8,66.3
Horizonte,2020,25080,7780.59,0.631,19.0,6.7,11.6,71.1,0.45,40.9,54.6
Horizonte,2021,25330,7936.2,0.633,18.7,6.8,11.4,71.1,0.45,41.9,54.6
Horizonte,2022,25581,8091.81,0.635,18.4,6.9,11.2,71.1,0.45,42.9,54.6
Horizonte,2023,25832,8247.42,0.637,18.1,7.0,11.0,71.1,0.45,43.9,54.6
Pacajus,2020,34153,5828.93,0.641,21.5,4.3,15.6,70.6,0.479,8.5,45.8
Pacajus,2021,34494,5945.5,0.643,21.2,4.4,15.4,70.6,0.479,9.5,45.8
Pacajus,2022,34836,6062.08,0.645,20.9,4.5,15.2,70.6,0.479,10.5,45.8
Pacajus,2023,35177,6178.66,0.647,20.6,4.6,15.0,70.6,0.479,11.5,45.8
Eusébio,2020,28602,8357.93,0.672,18.9,6.2,20.4,72.0,0.521,0.0,75.0
Eusébio,2021,28888,8525.09,0.674,18.6,6.3,20.2,72.0,0.521,1.0,75.0
Eusébio,2022,29174,8692.24,0.676,18.3,6.4,20.0,72.0,0.521,2.0,75.0
Eusébio,2023,29460,8859.4,0.678,18.0,6.5,19.8,72.0,0.521,3.0,75.0
São Gonçalo do Amarante,2020,43025,3000.0,0.599,18.0,7.0,23.5,68.9,0.502,0.0,88.3
São Gonçalo do Amarante,2021,43455,3060.0,0.601,17.7,7.1,23.3,68.9,0.502,1.0,88.3
São Gonçalo do Amarante,2022,43885,3120.0,0.603,17.4,7.2,23.1,68.9,0.502,2.0,88.3
São Gonçalo do Amarante,2023,44315,3180.0,0.605,17.1,7.3,22.9,68.9,0.502,3.0,88.3
Cascavel,2020,9062,6618.37,0.55,25.8,6.7,21.7,65.8,0.503,37.7,82.4
Cascavel,2021,9152,6750.73,0.552,25.5,6.8,21.5,65.8,,38.7,82.4
Cascavel,2022,9243,6883.1,0.554,25.2,6.9,21.3,65.8,0.503,39.7,82.4
Cascavel,2023,9333,7015.47,0.556,24.9,7.0,21.1,65.8,0.503,40.7,82.4
Barbalha,2020,26371,3000.0,0.675,28.6,5.7,12.8,73.7,0.501,0.5,65.9
Barbalha,2021,26634,3060.0,0.677,28.3,5.8,12.6,73.7,0.501,1.5,65.9
Barbalha,2022,26898,3120.0,0.679,28.0,5.9,12.4,73.7,0.501,2.5,65.9
Barbalha,2023,27162,3180.0,0.681,27.7,6.0,12.2,73.7,0.501,3.5,65.9
Icó,2020,47838,3000.0,0.648,28.4,6.5,13.9,74.3,0.6,47.9,47.3
Icó,2021,48316,3060.0,0.65,28.1,6.6,13.7,74.3,0.6,48.9,47.3
Icó,2022,48794,3120.0,0.652,27.8,6.7,13.5,74.3,0.6,49.9,47.3
Icó,2023,49273,3180.0,0.654,27.5,6.8,13.3,74.3,0.6,50.9,47.3
Camocim,2020,35589,6474.34,0.626,20.2,6.7,22.1,66.0,0.572,23.5,95.5
Camocim,2021,35944,6603.83,0.628,19.9,6.8,21.9,66.0,0.572,24.5,95.5
Camocim,2022,36300,6733.31,0.63,19.6,6.9,21.7,66.0,0.572,25.5,95.5
Camocim,2023,36656,6862.8,0.632,19.3,7.0,21.5,66.0,0.572,26.5,95.5
Limoeiro do Norte,2020,6987,4023.01,0.603,26.2,5.5,22.9,71.0,0.522,4.3,77.4
Limoeiro do Norte,2021,7056,4103.47,0.605,25.9,5.6,22.7,71.0,0.522,5.3,77.4
Limoeiro do Norte,2022,7126,4183.93,0.607,25.6,5.7,22.5,71.0,0.522,6.3,77.4
Limoeiro do Norte,2023,7196,4264.39,0.609,25.3,5.8,22.3,71.0,0.522,7.3,77.4
Tauá,2020,33532,7747.16,0.567,10.4,8.0,23.9,74.6,0.635,22.0,66.0
Tauá,2021,33867,7902.11,0.569,10.1,8.1,23.7,74.6,0.635,23.0,66.0
Tauá,2022,34202,8057.05,0.571,9.8,8.2,23.5,74.6,0.635,24.0,66.0
Tauá,2023,34537,8211.99,0.573,9.5,8.3,23.3,74.6,0.635,25.0,66.0
Morada Nova,2020,9806,3000.0,0.595,21.8,6.7,22.6,73.6,0.6,24.8,57.1
Morada Nova,2021,9904,3060.0,0.597,21.5,6.8,22.4,73.6,0.6,25.8,57.1
Morada Nova,2022,10002,3120.0,0.599,21.2,6.9,22.2,73.6,0.6,26.8,57.1
Morada Nova,2023,10100,3180.0,0.601,20.9,7.0,22.0,73.6,0.6,27.8,57.1
Brejo Santo,2020,11872,8125.15,0.638,21.9,9.5,22.5,70.3,0.55,22.8,61.8
Brejo Santo,2021,11990,8287.66,0.64,21.6,9.6,22.3,70.3,0.55,23.8,61.8
Brejo Santo,2022,12109,8450.16,0.642,21.3,9.7,22.1,70.3,0.55,24.8,61.8
Brejo Santo,2023,12228,8612.66,0.644,21.0,9.8,21.9,70.3,0.55,25.8,61.8
Baturité,2020,5714,8531.84,0.525,19.4,5.2,18.9,70.9,,42.7,71.9
Baturité,2021,5771,8702.48,0.527,19.1,5.3,18.7,70.9,0.489,43.7,71.9
Baturité,2022,5828,8873.11,0.529,18.8,5.4,18.5,70.9,0.489,44.7,71.9
Baturité,2023,5885,9043.75,0.531,18.5,5.5,18.3,70.9,0.489,45.7,71.9
Acaraú,2020,35647,11718.59,0.512,29.2,10.0,21.1,72.1,0.616,11.3,56.5
Acaraú,2021,36003,11952.96,0.514,28.9,10.1,20.9,72.1,0.616,12.3,56.5
Acaraú,2022,36359,12187.34,0.516,28.6,10.2,20.7,72.1,0.616,13.3,56.5
Acaraú,2023,36716,12421.71,0.518,28.3,10.3,20.5,72.1,0.616,14.3,56.5
Granja,2020,43791,9645.35,0.564,27.1,3.0,18.5,68.3,0.462,36.8,65.1
Granja,2021,44228,9838.26,0.566,26.8,3.1,18.3,68.3,0.462,37.8,65.1
Granja,2022,44666,10031.17,0.568,26.5,3.2,18.1,68.3,,38.8,65.1
Granja,2023,45104,10224.07,0.57,26.2,3.3,17.9,68.3,0.462,,65.1
Pentecoste,2020,38271,4872.84,0.717,28.8,8.6,13.6,70.8,0.614,18.4,64.7
Pentecoste,2021,38653,4970.3,0.719,28.5,8.7,13.4,70.8,0.614,19.4,64.7
Pentecoste,2022,39036,5067.76,0.721,28.2,8.8,13.2,70.8,0.614,20.4,64.7
Pentecoste,2023,39419,5165.21,0.723,27.9,8.9,13.0,70.8,0.614,21.4,64.7
Beberibe,2020,36802,12438.55,0.619,17.6,7.0,16.7,74.8,0.478,19.6,61.0
Beberibe,2021,37170,12687.32,0.621,17.3,7.1,16.5,74.8,0.478,20.6,61.0
Beberibe,2022,37538,12936.09,0.623,17.0,7.2,16.3,74.8,0.478,21.6,61.0
Beberibe,2023,37906,13184.86,0.625,16.7,7.3,16.1,74.8,0.478,22.6,61.0
Trairi,2020,12933,11766.65,0.574,25.3,8.9,20.8,71.6,0.503,12.4,64.4
Trairi,2021,13062,12001.99,0.576,25.0,9.0,20.6,71.6,0.503,13.4,64.4
Trairi,2022,13191,12237.32,0.578,24.7,9.1,20.4,71.6,0.503,14.4,64.4
Trairi,2023,13320,12472.65,0.58,24.4,9.2,20.2,71.6,0.503,15.4,64.4
Redenção,2020,11059,6947.3,0.654,16.6,5.7,18.3,73.6,0.483,19.8,75.0
Redenção,2021,11169,7086.25,0.656,16.3,5.8,18.1,73.6,0.483,20.8,75.0
Redenção,2022,11280,7225.2,0.658,16.0,5.9,17.9,73.6,0.483,21.8,75.0
Redenção,2023,11390,7364.14,0.66,15.7,6.0,17.7,73.6,0.483,22.8,75.0
Viçosa do Ceará,2020,42775,5125.87,0.585,31.8,8.3,16.5,71.4,0.457,0.0,78.1
Viçosa do Ceará,2021,43202,5228.39,0.587,31.5,8.4,16.3,71.4,0.457,1.0,78.1
Viçosa do Ceará,2022,43630,5330.91,0.589,31.2,8.5,16.1,71.4,0.457,2.0,78.1
Viçosa do Ceará,2023,44058,5433.42,0.591,30.9,8.6,15.9,71.4,0.457,3.0,78.1
Lavras da Mangabeira,2020,31487,8482.47,0.575,26.0,7.2,20.7,68.0,0.526,24.9,82.3
Lavras da Mangabeira,2021,31801,8652.12,0.577,25.7,7.3,20.5,68.0,0.526,25.9,82.3
Lavras da Mangabeira,2022,32116,8821.77,0.579,25.4,7.4,20.3,68.0,0.526,26.9,82.3
Lavras da Mangabeira,2023,32431,8991.42,0.581,25.1,7.5,20.1,68.0,0.526,27.9,82.3
Jaguaribe,2020,26112,8420.15,0.59,16.0,7.1,17.4,73.1,0.474,34.5,55.7
Jaguaribe,2021,26373,8588.55,0.592,15.7,7.2,17.2,73.1,,35.5,55.7
Jaguaribe,2022,26634,8756.95,0.594,15.4,7.3,17.0,73.1,0.474,36.5,55.7
Jaguaribe,2023,26895,8925.36,0.596,15.1,7.4,16.8,73.1,0.474,37.5,55.7
Missão Velha,2020,37573,3512.74,0.705,23.0,6.1,11.9,68.1,0.521,47.7,62.1
Missão Velha,2021,37948,3583.0,0.707,22.7,6.2,11.7,68.1,0.521,,62.1
Missão Velha,2022,38324,3653.25,0.709,22.4,6.3,11.5,68.1,0.521,49.7,62.1
Missão Velha,2023,38700,3723.51,0.711,22.1,6.4,11.3,68.1,0.521,50.7,62.1
Município 41,2020,22417,8448.33,0.513,20.7,5.9,15.5,71.3,0.477,30.9,62.1
Município 41,2021,22641,8617.3,0.515,20.4,6.0,15.3,71.3,0.477,31.9,62.1
Município 41,2022,22865,8786.27,0.517,20.1,6.1,15.1,71.3,0.477,32.9,62.1
Município 41,2023,23089,8955.23,0.519,19.8,6.2,14.9,71.3,0.477,,62.1
Município 42,2020,5252,7088.6,0.649,15.7,5.8,16.2,72.4,0.373,38.5,67.1
Município 42,2021,5304,7230.38,0.651,15.4,5.9,16.0,72.4,0.373,39.5,67.1
Município 42,2022,5357,7372.15,0.653,15.1,6.0,15.8,72.4,,40.5,67.1
Município 42,2023,5409,7513.92,0.655,14.8,6.1,15.6,72.4,0.373,41.5,67.1
Município 43,2020,32714,8549.54,0.573,9.4,5.4,20.9,70.8,0.434,2.1,91.1
Município 43,2021,33041,8720.54,0.575,9.1,5.5,20.7,70.8,0.434,3.1,91.1
Município 43,2022,33368,8891.53,0.577,8.8,5.6,20.5,70.8,0.434,4.1,91.1
Município 43,2023,33695,9062.52,0.579,8.5,5.7,20.3,70.8,0.434,5.1,91.1
Município 44,2020,33278,7446.5,0.668,30.9,6.1,16.2,69.8,0.557,31.7,56.7
Município 44,2021,33610,7595.43,0.67,30.6,6.2,16.0,69.8,0.557,32.7,56.7
Município 44,2022,33943,7744.36,0.672,30.3,6.3,15.8,69.8,0.557,33.7,56.7
Município 44,2023,34276,7893.29,0.674,30.0,6.4,15.6,69.8,0.557,34.7,56.7
Município 45,2020,13603,10894.48,0.598,10.1,4.0,16.0,72.0,0.54,9.5,74.6
Município 45,2021,13739,11112.37,0.6,9.8,4.1,15.8,72.0,0.54,,74.6
Município 45,2022,13875,11330.26,0.602,9.5,4.2,15.6,72.0,0.54,11.5,74.6
Município 45,2023,14011,11548.15,0.604,9.2,4.3,15.4,72.0,0.54,12.5,74.6
Município 46,2020,34775,9122.9,0.629,14.5,4.2,22.3,73.0,0.499,1.9,67.0
Município 46,2021,35122,9305.36,0.631,14.2,4.3,22.1,73.0,0.499,2.9,67.0
Município 46,2022,35470,9487.81,0.633,13.9,4.4,21.9,73.0,0.499,3.9,67.0
Município 46,2023,35818,9670.27,0.635,13.6,4.5,21.7,73.0,0.499,4.9,67.0
Município 47,2020,29555,14345.68,0.602,27.1,6.9,18.1,75.0,0.369,,67.9
Município 47,2021,29850,14632.59,0.604,26.8,7.0,17.9,75.0,0.369,,67.9
Município 47,2022,30146,14919.5,0.606,26.5,7.1,17.7,75.0,0.369,13.2,67.9
Município 47,2023,30441,15206.42,0.608,26.2,7.2,17.5,75.0,0.369,14.2,67.9
Município 48,2020,45010,12102.71,0.602,32.7,7.4,15.8,70.6,0.604,42.0,58.7
Município 48,2021,45460,12344.76,0.604,32.4,7.5,15.6,70.6,0.604,43.0,58.7
Município 48,2022,45910,12586.82,0.606,32.1,7.6,15.4,70.6,0.604,44.0,58.7
Município 48,2023,46360,12828.87,0.608,31.8,7.7,15.2,70.6,0.604,45.0,58.7
Município 49,2020,36775,8382.21,0.654,23.9,4.5,13.1,70.8,0.533,18.8,61.5
Município 49,2021,37142,8549.86,0.656,23.6,4.6,12.9,70.8,0.533,19.8,61.5
Município 49,2022,37510,8717.5,0.658,23.3,4.7,12.7,70.8,0.533,20.8,61.5
Município 49,2023,37878,8885.15,0.66,23.0,4.8,12.5,70.8,0.533,21.8,61.5
Município 50,2020,38470,3000.0,0.679,10.8,8.0,17.0,70.2,0.534,29.6,60.8
Município 50,2021,38854,3060.0,0.681,10.5,8.1,16.8,70.2,0.534,30.6,60.8
Município 50,2022,39239,3120.0,0.683,10.2,8.2,16.6,70.2,0.534,31.6,60.8
Município 50,2023,39624,3180.0,0.685,9.9,8.3,16.4,70.2,0.534,32.6,60.8
Município 51,2020,27439,8284.45,0.573,25.6,5.3,14.1,68.1,0.55,,68.2
Município 51,2021,27713,8450.14,0.575,25.3,5.4,13.9,68.1,0.55,48.1,68.2
Município 51,2022,27987,8615.83,0.577,25.0,5.5,13.7,68.1,0.55,49.1,68.2
Município 51,2023,28262,8781.51,0.579,24.7,5.6,13.5,68.1,0.55,50.1,68.2
Município 52,2020,12462,4019.48,0.636,25.7,7.8,19.4,70.8,0.556,25.1,61.7
Município 52,2021,12586,4099.87,0.638,25.4,7.9,19.2,70.8,0.556,,61.7
Município 52,2022,12711,4180.26,0.64,25.1,8.0,19.0,70.8,0.556,27.1,61.7
Município 52,2023,12835,4260.65,0.642,24.8,8.1,18.8,70.8,0.556,28.1,61.7
Município 53,2020,32937,9607.9,0.579,23.2,6.9,11.3,73.1,0.572,29.6,78.5
Município 53,2021,33266,9800.06,0.581,22.9,7.0,11.1,73.1,0.572,30.6,78.5
Município 53,2022,33595,9992.22,0.583,22.6,7.1,10.9,73.1,0.572,31.6,78.5
Município 53,2023,33925,10184.38,0.585,22.3,7.2,10.7,73.1,0.572,32.6,78.5
Município 54,2020,13384,8187.51,0.623,16.1,6.3,15.6,66.7,0.469,34.8,51.8
Município 54,2021,13517,8351.26,0.625,15.8,6.4,15.4,66.7,0.469,35.8,51.8
Município 54,2022,13651,8515.01,0.627,15.5,6.5,15.2,66.7,0.469,36.8,51.8
Município 54,2023,13785,8678.76,0.629,15.2,6.6,15.0,66.7,0.469,,51.8
Município 55,2020,36729,4966.16,0.603,22.1,7.2,13.9,69.4,0.544,38.5,67.0
Município 55,2021,37096,5065.48,0.605,21.8,7.3,13.7,69.4,,,67.0
Município 55,2022,37463,5164.8,0.607,21.5,7.4,13.5,69.4,0.544,40.5,67.0
Município 55,2023,37830,5264.13,0.609,21.2,7.5,13.3,69.4,,41.5,67.0
Município 56,2020,16281,9721.58,0.617,18.8,7.3,19.8,73.3,0.481,,55.0
Município 56,2021,16443,9916.01,0.619,18.5,7.4,19.6,73.3,0.481,29.2,55.0
Município 56,2022,16606,10110.44,0.621,18.2,7.5,19.4,73.3,0.481,30.2,55.0
Município 56,2023,16769,10304.87,0.623,17.9,7.6,19.2,73.3,0.481,31.2,55.0
Município 57,2020,31967,9179.03,0.531,20.0,6.9,17.8,71.2,0.558,42.8,70.5
Município 57,2021,32286,9362.61,0.533,19.7,7.0,17.6,71.2,0.558,43.8,70.5
Município 57,2022,32606,9546.19,0.535,19.4,7.1,17.4,71.2,0.558,44.8,70.5
Município 57,2023,32926,9729.77,0.537,19.1,7.2,17.2,71.2,0.558,45.8,70.5
Município 58,2020,6561,10554.68,0.587,20.0,5.9,20.0,70.6,0.493,38.2,59.7
Município 58,2021,6626,10765.77,0.589,19.7,6.0,19.8,70.6,0.493,39.2,59.7
Município 58,2022,6692,10976.87,0.591,19.4,6.1,19.6,70.6,0.493,40.2,59.7
Município 58,2023,6757,11187.96,0.593,19.1,6.2,19.4,70.6,0.493,41.2,59.7
Município 59,2020,34501,4070.7,0.633,24.1,5.5,14.7,71.8,0.482,22.4,58.5
Município 59,2021,34846,4152.12,0.635,23.8,5.6,14.5,71.8,0.482,23.4,58.5
Município 59,2022,35191,4233.53,0.637,23.5,5.7,14.3,71.8,0.482,24.4,58.5
Município 59,2023,35536,4314.95,0.639,23.2,5.8,14.1,71.8,0.482,25.4,58.5
Município 60,2020,24851,4179.27,0.604,27.5,3.9,15.8,70.3,0.441,16.6,74.6
Município 60,2021,25099,4262.86,0.606,27.2,4.0,15.6,70.3,0.441,17.6,74.6
Município 60,2022,25348,4346.45,0.608,26.9,4.1,15.4,70.3,0.441,,74.6
Município 60,2023,25596,4430.03,0.61,26.6,4.2,15.2,70.3,0.441,,74.6
Município 61,2020,42136,9521.82,0.616,28.1,3.4,19.5,76.4,0.506,32.9,69.8
Município 61,2021,42557,9712.26,0.618,27.8,3.5,19.3,76.4,0.506,33.9,69.8
Município 61,2022,42978,9902.7,0.62,27.5,3.6,19.1,76.4,0.506,34.9,69.8
Município 61,2023,43400,10093.13,0.622,27.2,3.7,18.9,76.4,0.506,35.9,69.8
Município 62,2020,34362,3474.57,0.623,15.0,4.9,18.5,69.5,0.559,15.0,48.0
Município 62,2021,34705,3544.06,0.625,14.7,5.0,18.3,69.5,0.559,16.0,48.0
Município 62,2022,35049,3613.55,0.627,14.4,5.1,18.1,69.5,0.559,17.0,48.0
Município 62,2023,35392,3683.04,0.629,14.1,5.2,17.9,69.5,0.559,18.0,48.0
Município 63,2020,28509,3224.17,0.63,20.0,6.1,23.1,70.1,0.47,35.2,72.9
Município 63,2021,28794,3288.65,0.632,19.7,6.2,22.9,70.1,0.47,36.2,72.9
Município 63,2022,29079,3353.14,0.634,19.4,6.3,22.7,70.1,0.47,37.2,72.9
Município 63,2023,29364,3417.62,0.636,19.1,6.4,22.5,70.1,0.47,38.2,72.9
Município 64,2020,39416,6328.02,0.697,19.0,6.1,16.0,69.4,0.568,31.5,65.6
Município 64,2021,39810,6454.58,0.699,18.7,6.2,15.8,69.4,0.568,32.5,65.6
Município 64,2022,40204,6581.14,0.701,18.4,6.3,15.6,69.4,0.568,33.5,65.6
Município 64,2023,40598,6707.7,0.703,18.1,6.4,15.4,69.4,0.568,34.5,65.6
Município 65,2020,44231,14431.62,0.625,16.7,6.6,19.9,69.0,0.566,5.7,78.9
Município 65,2021,44673,14720.25,0.627,16.4,6.7,19.7,69.0,0.566,6.7,78.9
Município 65,2022,45115,15008.88,0.629,16.1,6.8,19.5,69.0,0.566,7.7,78.9
Município 65,2023,45557,15297.51,0.631,15.8,6.9,19.3,69.0,0.566,8.7,78.9
Município 66,2020,19301,4854.97,0.605,18.1,6.0,17.1,67.8,0.511,5.9,66.5
Município 66,2021,19494,4952.07,0.607,17.8,6.1,16.9,67.8,0.511,6.9,66.5
Município 66,2022,19687,5049.17,0.609,17.5,6.2,16.7,67.8,0.511,7.9,66.5
Município 66,2023,19880,5146.26,0.611,17.2,6.3,16.5,67.8,0.511,8.9,66.5
Município 67,2020,34794,12958.88,0.748,20.5,8.7,19.5,74.3,0.7,37.7,74.4
Município 67,2021,35141,13218.05,0.75,20.2,8.8,19.3,74.3,0.7,38.7,74.4
Município 67,2022,35489,13477.23,0.752,19.9,8.9,19.1,74.3,0.7,39.7,74.4
Município 67,2023,35837,13736.41,0.754,19.6,9.0,18.9,74.3,0.7,40.7,74.4
Município 68,2020,7322,8585.81,0.612,17.5,8.0,19.1,68.1,,30.9,61.2
Município 68,2021,7395,8757.53,0.614,17.2,8.1,18.9,68.1,0.435,31.9,61.2
Município 68,2022,7468,8929.24,0.616,16.9,8.2,18.7,68.1,0.435,32.9,61.2
Município 68,2023,7541,9100.96,0.618,16.6,8.3,18.5,68.1,0.435,33.9,61.2
Município 69,2020,47338,5124.31,0.595,29.6,6.9,26.5,74.8,0.585,35.8,61.2
Município 69,2021,47811,5226.79,0.597,29.3,7.0,26.3,74.8,0.585,36.8,61.2
Município 69,2022,48284,5329.28,0.599,29.0,7.1,26.1,74.8,0.585,37.8,61.2
Município 69,2023,48758,5431.76,0.601,28.7,7.2,25.9,74.8,0.585,38.8,61.2
Município 70,2020,6923,7279.71,0.643,17.0,7.7,12.6,71.8,0.542,37.8,54.0
Município 70,2021,6992,7425.31,0.645,16.7,7.8,12.4,71.8,0.542,38.8,54.0
Município 70,2022,7061,7570.9,0.647,16.4,7.9,12.2,71.8,0.542,39.8,54.0
Município 70,2023,7130,7716.5,0.649,16.1,8.0,12.0,71.8,0.542,40.8,54.0
Município 71,2020,20192,8376.48,0.657,19.5,7.4,20.9,70.0,0.508,21.0,77.2
Município 71,2021,20393,8544.01,0.659,19.2,7.5,20.7,70.0,0.508,22.0,77.2
Município 71,2022,20595,8711.54,0.661,18.9,7.6,20.5,70.0,0.508,23.0,77.2
Município 71,2023,20797,8879.07,0.663,18.6,7.7,20.3,70.0,0.508,24.0,77.2
Município 72,2020,17008,3754.14,0.629,21.9,7.6,17.2,68.5,0.557,,71.6
Município 72,2021,17178,3829.22,0.631,21.6,7.7,17.0,68.5,0.557,27.8,71.6
Município 72,2022,17348,3904.3,0.633,21.3,7.8,16.8,68.5,0.557,28.8,71.6
Município 72,2023,17518,3979.39,0.635,21.0,7.9,16.6,68.5,0.557,29.8,71.6
Município 73,2020,36570,4655.57,0.642,28.4,8.2,16.7,76.6,0.518,13.0,73.6
Município 73,2021,36935,4748.68,0.644,28.1,8.3,16.5,76.6,0.518,14.0,73.6
Município 73,2022,37301,4841.79,0.646,27.8,8.4,16.3,76.6,0.518,15.0,73.6
Município 73,2023,37667,4934.9,0.648,27.5,8.5,16.1,76.6,0.518,16.0,73.6
Município 74,2020,30914,8489.91,0.6,23.8,10.0,15.7,67.6,0.602,47.8,68.0
Município 74,2021,31223,8659.71,0.602,23.5,10.1,15.5,67.6,0.602,48.8,68.0
Município 74,2022,31532,8829.51,0.604,23.2,10.2,15.3,67.6,0.602,49.8,68.0
Município 74,2023,31841,8999.31,0.606,22.9,10.3,15.1,67.6,0.602,50.8,68.0
Município 75,2020,37457,8386.19,0.592,27.7,5.2,14.2,71.3,0.552,5.2,75.3
Município 75,2021,37831,8553.91,0.594,27.4,5.3,14.0,71.3,0.552,6.2,75.3
Município 75,2022,38206,8721.64,0.596,27.1,5.4,13.8,71.3,0.552,,75.3
Município 75,2023,38580,8889.36,0.598,26.8,5.5,13.6,71.3,0.552,8.2,75.3
Município 76,2020,13646,12703.65,0.64,21.6,5.8,15.7,74.4,0.577,30.5,61.6
Município 76,2021,13782,12957.73,0.642,21.3,5.9,15.5,74.4,0.577,31.5,61.6
Município 76,2022,13918,13211.8,0.644,21.0,6.0,15.3,74.4,0.577,32.5,61.6
Município 76,2023,14055,13465.87,0.646,20.7,6.1,15.1,74.4,0.577,33.5,61.6
Município 77,2020,32576,6645.88,0.463,16.6,8.1,6.8,69.0,0.458,,79.0
Município 77,2021,32901,6778.8,0.465,16.3,8.2,6.6,69.0,0.458,29.9,79.0
Município 77,2022,33227,6911.72,0.467,16.0,8.3,6.4,69.0,0.458,30.9,79.0
Município 77,2023,33553,7044.63,0.469,15.7,8.4,6.2,69.0,0.458,31.9,79.0
Município 78,2020,31635,7346.45,0.595,24.4,8.1,22.4,69.2,0.561,55.6,57.5
Município 78,2021,31951,7493.38,0.597,24.1,8.2,22.2,69.2,0.561,56.6,57.5
Município 78,2022,32267,7640.31,0.599,23.8,8.3,22.0,69.2,0.561,57.6,57.5
Município 78,2023,32584,7787.24,0.601,23.5,8.4,21.8,69.2,0.561,58.6,57.5
Município 79,2020,46007,6482.79,0.646,23.7,6.0,20.8,72.5,0.576,,84.0
Município 79,2021,46467,6612.45,0.648,23.4,6.1,20.6,72.5,0.576,53.3,84.0
Município 79,2022,46927,6742.1,0.65,23.1,6.2,20.4,72.5,,54.3,84.0
Município 79,2023,47387,6871.76,0.652,22.8,6.3,20.2,72.5,0.576,55.3,84.0
Município 80,2020,39668,6842.88,0.63,11.8,9.3,16.1,77.2,0.599,26.0,75.5
Município 80,2021,40064,6979.74,0.632,11.5,9.4,15.9,77.2,0.599,27.0,75.5
Município 80,2022,40461,7116.6,0.634,11.2,9.5,15.7,77.2,0.599,28.0,75.5
Município 80,2023,40858,7253.45,0.636,10.9,9.6,15.5,77.2,0.599,29.0,75.5
Município 81,2020,40451,7113.0,0.592,19.6,10.2,17.7,69.7,0.536,49.3,74.1
Município 81,2021,40855,7255.26,0.594,19.3,10.3,17.5,69.7,0.536,50.3,74.1
Município 81,2022,41260,7397.52,0.596,19.0,10.4,17.3,69.7,0.536,51.3,74.1
Município 81,2023,41664,7539.78,0.598,18.7,10.5,17.1,69.7,0.536,52.3,74.1
Município 82,2020,20562,5416.3,0.534,19.0,7.2,24.1,69.7,,7.5,59.7
Município 82,2021,20767,5524.63,0.536,18.7,7.3,23.9,69.7,0.569,8.5,59.7
Município 82,2022,20973,5632.96,0.538,18.4,7.4,23.7,69.7,0.569,9.5,59.7
Município 82,2023,21178,5741.28,0.54,18.1,7.5,23.5,69.7,0.569,10.5,59.7
Município 83,2020,6063,11758.06,0.766,22.8,3.8,17.5,74.6,0.568,31.0,71.8
Município 83,2021,6123,11993.22,0.768,22.5,3.9,17.3,74.6,0.568,32.0,71.8
Município 83,2022,6184,12228.38,0.77,22.2,4.0,17.1,74.6,0.568,,71.8
Município 83,2023,6244,12463.54,0.772,21.9,4.1,16.9,74.6,0.568,34.0,71.8
Município 84,2020,11219,8320.82,0.678,20.7,4.8,19.5,67.3,0.487,18.7,66.3
Município 84,2021,11331,8487.24,0.68,20.4,4.9,19.3,67.3,0.487,19.7,66.3
Município 84,2022,11443,8653.66,0.682,20.1,5.0,19.1,67.3,0.487,,66.3
Município 84,2023,11555,8820.07,0.684,19.8,5.1,18.9,67.3,0.487,21.7,66.3
Município 85,2020,11278,3221.58,0.562,17.9,6.5,19.8,67.8,0.7,32.1,81.5
Município 85,2021,11390,3286.01,0.564,17.6,6.6,19.6,67.8,0.7,33.1,81.5
Município 85,2022,11503,3350.44,0.566,17.3,6.7,19.4,67.8,0.7,34.1,81.5
Município 85,2023,11616,3414.87,0.568,17.0,6.8,19.2,67.8,0.7,35.1,81.5
Município 86,2020,11960,8916.14,0.59,17.9,7.4,19.7,71.8,0.516,31.6,49.7
Município 86,2021,12079,9094.46,0.592,17.6,7.5,19.5,71.8,0.516,32.6,49.7
Município 86,2022,12199,9272.79,0.594,17.3,7.6,19.3,71.8,,33.6,49.7
Município 86,2023,12318,9451.11,0.596,17.0,7.7,19.1,71.8,0.516,34.6,49.7
Município 87,2020,28633,5780.89,0.653,19.0,5.3,17.6,74.1,0.537,27.7,54.8
Município 87,2021,28919,5896.5,0.655,18.7,5.4,17.4,74.1,0.537,28.7,54.8
Município 87,2022,29205,6012.12,0.657,18.4,5.5,17.2,74.1,0.537,29.7,54.8
Município 87,2023,29491,6127.74,0.659,18.1,5.6,17.0,74.1,0.537,30.7,54.8
Município 88,2020,44733,9406.45,0.715,24.0,8.7,18.7,74.1,0.555,50.2,71.8
Município 88,2021,45180,9594.57,0.717,23.7,8.8,18.5,74.1,0.555,51.2,71.8
Município 88,2022,45627,9782.7,0.719,23.4,8.9,18.3,74.1,0.555,52.2,71.8
Município 88,2023,46074,9970.83,0.721,23.1,9.0,18.1,74.1,0.555,53.2,71.8
Município 89,2020,46335,8604.67,0.53,20.2,8.9,20.9,71.2,,0.0,67.4
Município 89,2021,46798,8776.76,0.532,19.9,9.0,20.7,71.2,0.559,1.0,67.4
Município 89,2022,47261,8948.86,0.534,19.6,9.1,20.5,71.2,0.559,2.0,67.4
Município 89,2023,47725,9120.95,0.536,19.3,9.2,20.3,71.2,,3.0,67.4
Município 90,2020,29850,10013.1,0.657,14.1,4.7,20.8,71.4,0.502,18.7,63.6
Município 90,2021,30148,10213.37,0.659,13.8,4.8,20.6,71.4,0.502,19.7,63.6
Município 90,2022,30447,10413.63,0.661,13.5,4.9,20.4,71.4,0.502,20.7,63.6
Município 90,2023,30745,10613.89,0.663,13.2,5.0,20.2,71.4,0.502,,63.6
Município 91,2020,49779,10539.84,0.618,29.4,7.5,15.5,69.0,0.433,47.4,74.7
Município 91,2021,50276,10750.63,0.62,29.1,7.6,15.3,69.0,0.433,48.4,74.7
Município 91,2022,50774,10961.43,0.622,28.8,7.7,15.1,69.0,0.433,49.4,74.7
Município 91,2023,51272,11172.23,0.624,28.5,7.8,14.9,69.0,0.433,50.4,74.7
Município 92,2020,12942,8128.11,0.648,20.2,6.5,21.3,69.0,0.491,2.3,59.8
Município 92,2021,13071,8290.67,0.65,19.9,6.6,21.1,69.0,0.491,3.3,59.8
Município 92,2022,13200,8453.23,0.652,19.6,6.7,20.9,69.0,0.491,4.3,59.8
Município 92,2023,13330,8615.8,0.654,19.3,6.8,20.7,69.0,0.491,5.3,59.8
Município 93,2020,12898,5053.96,0.622,27.2,4.5,20.1,69.9,0.617,30.7,49.4
Município 93,2021,13026,5155.04,0.624,26.9,4.6,19.9,69.9,0.617,31.7,49.4
Município 93,2022,13155,5256.12,0.626,26.6,4.7,19.7,69.9,0.617,32.7,49.4
Município 93,2023,13284,5357.2,0.628,26.3,4.8,19.5,69.9,0.617,,49.4
Município 94,2020,15896,8567.26,0.65,16.8,6.8,15.9,69.8,0.626,49.0,70.8
Município 94,2021,16054,8738.61,0.652,16.5,6.9,15.7,69.8,0.626,50.0,70.8
Município 94,2022,16213,8909.95,0.654,16.2,7.0,15.5,69.8,0.626,51.0,70.8
Município 94,2023,16372,9081.3,0.656,15.9,7.1,15.3,69.8,0.626,52.0,70.8
Município 95,2020,42477,6930.51,0.691,25.7,5.8,19.1,68.1,0.499,37.9,84.5
Município 95,2021,42901,7069.12,0.693,25.4,5.9,18.9,68.1,0.499,38.9,84.5
Município 95,2022,43326,7207.74,0.695,25.1,6.0,18.7,68.1,0.499,39.9,84.5
Município 95,2023,43751,7346.35,0.697,24.8,6.1,18.5,68.1,0.499,40.9,84.5
Município 96,2020,31157,10173.08,0.59,27.4,6.7,10.5,66.8,0.522,37.1,46.3
Município 96,2021,31468,10376.55,0.592,27.1,6.8,10.3,66.8,0.522,38.1,46.3
Município 96,2022,31780,10580.01,0.594,26.8,6.9,10.1,66.8,,39.1,46.3
Município 96,2023,32091,10783.47,0.596,26.5,7.0,9.9,66.8,0.522,40.1,46.3
Município 97,2020,9651,9153.86,0.606,20.2,5.2,17.2,73.6,0.405,6.2,63.4
Município 97,2021,9747,9336.93,0.608,19.9,5.3,17.0,73.6,0.405,7.2,63.4
Município 97,2022,9844,9520.01,0.61,19.6,5.4,16.8,73.6,0.405,8.2,63.4
Município 97,2023,9940,9703.09,0.612,19.3,5.5,16.6,73.6,0.405,9.2,63.4
Município 98,2020,31239,4797.11,0.626,20.6,9.3,11.5,71.3,0.627,24.5,56.1
Município 98,2021,31551,4893.05,0.628,20.3,9.4,11.3,71.3,0.627,25.5,56.1
Município 98,2022,31863,4988.99,0.63,20.0,9.5,11.1,71.3,0.627,,56.1
Município 98,2023,32176,5084.94,0.632,19.7,9.6,10.9,71.3,,27.5,56.1
Município 99,2020,29251,6453.97,0.626,27.8,5.9,17.3,71.0,0.482,37.3,75.7
Município 99,2021,29543,6583.05,0.628,27.5,6.0,17.1,71.0,0.482,38.3,75.7
Município 99,2022,29836,6712.13,0.63,27.2,6.1,16.9,71.0,0.482,39.3,75.7
Município 99,2023,30128,6841.21,0.632,26.9,6.2,16.7,71.0,0.482,40.3,75.7
Município 100,2020,47311,5207.91,0.573,32.2,6.1,13.2,76.5,0.534,19.6,59.1
Município 100,2021,47784,5312.07,0.575,31.9,6.2,13.0,76.5,0.534,20.6,59.1
Município 100,2022,48257,5416.22,0.577,31.6,6.3,12.8,76.5,0.534,21.6,59.1
Município 100,2023,48730,5520.38,0.579,31.3,6.4,12.6,76.5,0.534,22.6,59.1
Município 101,2020,6470,8858.12,0.558,29.5,8.2,20.8,71.4,0.554,12.1,51.6
Município 101,2021,6534,9035.28,0.558,29.5,8.3,20.8,71.4,0.554,12.2,51.6
Município 101,2022,6599,9212.45,0.558,29.5,8.3,20.8,71.4,0.554,12.3,51.6
Município 101,2023,6664,9389.61,0.558,29.4,8.3,20.7,71.4,0.554,12.4,51.6
Município 102,2020,37861,9115.33,0.53,31.4,5.7,26.4,75.0,0.484,13.5,77.8
Município 102,2021,38239,9297.64,0.53,31.4,5.7,26.3,75.0,0.484,13.6,77.8
Município 102,2022,38618,9479.94,0.53,31.3,5.7,26.3,75.0,0.484,13.7,77.8
Município 102,2023,38996,9662.25,0.53,31.3,5.8,26.3,75.0,0.484,13.8,77.8
Município 103,2020,43984,9735.31,0.532,30.6,8.2,27.9,69.1,0.425,12.1,77.8
Município 103,2021,44423,9930.02,0.532,30.6,8.2,27.9,69.1,0.425,,77.8
Município 103,2022,44863,10124.72,0.533,30.5,8.2,27.9,69.1,0.425,12.3,77.8
Município 103,2023,45303,10319.43,0.533,30.5,8.2,27.9,69.1,0.425,12.4,77.8
Município 104,2020,36081,13218.91,0.537,26.4,6.2,23.0,71.3,0.428,16.3,74.2
Município 104,2021,36441,13483.29,0.537,26.4,6.2,23.0,71.3,0.428,,74.2
Município 104,2022,36802,13747.67,0.537,26.4,6.2,23.0,71.3,0.428,16.5,74.2
Município 104,2023,37163,14012.05,0.538,26.4,6.3,23.0,71.3,0.428,16.6,74.2
Município 105,2020,31352,4272.06,0.547,26.9,7.1,27.1,70.8,0.576,,67.6
Município 105,2021,31665,4357.5,0.547,26.9,7.1,27.1,70.8,0.576,19.1,67.6
Município 105,2022,31979,4442.95,0.547,26.9,7.1,27.0,70.8,0.576,19.2,67.6
Município 105,2023,32292,4528.39,0.547,26.8,7.1,27.0,70.8,0.576,19.3,67.6
Município 106,2020,48347,9421.34,0.626,19.7,7.7,20.5,71.2,0.35,10.7,55.3
Município 106,2021,48830,9609.77,0.628,19.4,7.8,20.3,71.2,0.35,11.7,55.3
Município 106,2022,49313,9798.2,0.63,19.1,7.9,20.1,71.2,0.35,12.7,55.3
Município 106,2023,49797,9986.62,0.632,18.8,8.0,19.9,71.2,0.35,13.7,55.3
Município 107,2020,47943,3000.0,0.534,27.7,6.2,18.2,70.5,0.393,10.0,62.3
Município 107,2021,48422,3060.0,0.536,27.4,6.3,18.0,70.5,0.393,11.0,62.3
Município 107,2022,48901,3120.0,0.538,27.1,6.4,17.8,70.5,0.393,12.0,62.3
Município 107,2023,49381,3180.0,0.54,26.8,6.5,17.6,70.5,,13.0,62.3
Município 108,2020,42998,7578.64,0.665,23.0,4.2,14.8,68.1,0.524,42.7,69.7
Município 108,2021,43427,7730.21,0.667,22.7,4.3,14.6,68.1,0.524,43.7,69.7
Município 108,2022,43857,7881.78,0.669,22.4,4.4,14.4,68.1,0.524,44.7,69.7
Município 108,2023,44287,8033.36,0.671,22.1,4.5,14.2,68.1,0.524,45.7,69.7
Município 109,2020,7802,9922.92,0.667,21.7,8.4,17.4,71.1,0.567,18.1,66.7
Município 109,2021,7880,10121.38,0.669,21.4,8.5,17.2,71.1,0.567,19.1,66.7
Município 109,2022,7958,10319.84,0.671,21.1,8.6,17.0,71.1,0.567,20.1,66.7
Município 109,2023,8036,10518.3,0.673,20.8,8.7,16.8,71.1,0.567,21.1,66.7
Município 110,2020,23159,7288.03,0.573,22.2,6.7,19.6,75.6,,77.7,62.4
Município 110,2021,23390,7433.79,0.575,21.9,6.8,19.4,75.6,0.526,78.7,62.4
Município 110,2022,23622,7579.55,0.577,21.6,6.9,19.2,75.6,0.526,79.7,62.4
Município 110,2023,23853,7725.31,0.579,21.3,7.0,19.0,75.6,0.526,,62.4
Município 111,2020,33255,13684.91,0.579,30.3,6.2,23.1,69.4,0.461,41.5,59.5
Município 111,2021,33587,13958.61,0.581,30.0,6.3,22.9,69.4,0.461,42.5,59.5
Município 111,2022,33920,14232.3,0.583,29.7,6.4,22.7,69.4,0.461,,59.5
Município 111,2023,34252,14506.0,0.585,29.4,6.5,22.5,69.4,0.461,44.5,59.5
Município 112,2020,44216,10538.46,0.491,17.6,9.1,21.8,67.5,0.528,56.7,68.7
Município 112,2021,44658,10749.23,0.493,17.3,9.2,21.6,67.5,0.528,57.7,68.7
Município 112,2022,45100,10960.0,0.495,17.0,9.3,21.4,67.5,0.528,58.7,68.7
Município 112,2023,45542,11170.77,0.497,16.7,9.4,21.2,67.5,0.528,59.7,68.7
Município 113,2020,37995,6733.59,0.581,24.0,3.7,22.0,75.6,0.549,32.6,85.6
Município 113,2021,38374,6868.26,0.583,23.7,3.8,21.8,75.6,0.549,,85.6
Município 113,2022,38754,7002.93,0.585,23.4,3.9,21.6,75.6,0.549,34.6,85.6
Município 113,2023,39134,7137.6,0.587,23.1,4.0,21.4,75.6,0.549,35.6,85.6
Município 114,2020,12609,11933.6,0.634,24.1,7.3,15.0,71.8,0.582,9.2,64.9
Município 114,2021,12735,12172.27,0.636,23.8,7.4,14.8,71.8,0.582,10.2,64.9
Município 114,2022,12861,12410.94,0.638,23.5,7.5,14.6,71.8,0.582,11.2,64.9
Município 114,2023,12987,12649.61,0.64,23.2,7.6,14.4,71.8,0.582,12.2,64.9
Município 115,2020,26968,8708.76,0.678,18.0,9.3,17.4,77.2,0.598,,57.4
Município 115,2021,27237,8882.94,0.68,17.7,9.4,17.2,77.2,0.598,38.5,57.4
Município 115,2022,27507,9057.11,0.682,17.4,9.5,17.0,77.2,0.598,39.5,57.4
Município 115,2023,27777,9231.29,0.684,17.1,9.6,16.8,77.2,0.598,40.5,57.4
Município 116,2020,49228,5344.24,0.66,20.6,6.2,17.2,73.6,0.616,21.0,70.6
Município 116,2021,49720,5451.13,0.662,20.3,6.3,17.0,73.6,0.616,22.0,70.6
Município 116,2022,50212,5558.01,0.664,20.0,6.4,16.8,73.6,0.616,23.0,70.6
Município 116,2023,50704,5664.9,0.666,19.7,6.5,16.6,73.6,0.616,24.0,70.6
Município 117,2020,37723,10122.17,0.585,30.2,4.0,22.4,67.5,0.482,57.8,59.2
Município 117,2021,38100,10324.62,0.587,29.9,4.1,22.2,67.5,0.482,58.8,59.2
Município 117,2022,38477,10527.06,0.589,29.6,4.2,22.0,67.5,0.482,,59.2
Município 117,2023,38854,10729.5,0.591,29.3,4.3,21.8,67.5,0.482,60.8,59.2
Município 118,2020,7430,3285.95,0.591,20.7,5.2,21.1,70.4,0.575,14.5,78.8
Município 118,2021,7504,3351.67,0.593,20.4,5.3,20.9,70.4,0.575,15.5,78.8
Município 118,2022,7578,3417.39,0.595,20.1,5.4,20.7,70.4,0.575,16.5,78.8
Município 118,2023,7652,3483.11,0.597,19.8,5.5,20.5,70.4,0.575,17.5,78.8
Município 119,2020,19109,4036.28,0.67,27.2,8.3,25.4,70.1,0.524,0.0,35.4
Município 119,2021,19300,4117.0,1.5,26.9,8.4,25.2,70.1,0.524,1.0,35.4
Município 119,2022,19491,4197.73,0.674,26.6,8.5,25.0,70.1,0.524,2.0,35.4
Município 119,2023,19682,4278.45,0.676,26.3,8.6,24.8,70.1,0.524,3.0,35.4
Município 120,2020,25778,8268.9,0.653,10.1,7.9,17.2,71.5,0.414,10.1,77.4
Município 120,2021,26035,8434.27,0.655,9.8,8.0,17.0,71.5,0.414,11.1,77.4
Município 120,2022,26293,8599.65,0.657,9.5,8.1,16.8,71.5,0.414,12.1,77.4
Município 120,2023,26551,8765.03,0.659,9.2,8.2,16.6,71.5,,13.1,77.4
Município 121,2020,10165,8334.16,0.661,18.5,8.1,16.4,71.0,0.639,20.9,43.0
Município 121,2021,10266,8500.85,0.663,18.2,8.2,16.2,71.0,0.639,21.9,43.0
Município 121,2022,10368,8667.53,0.665,17.9,8.3,16.0,71.0,,22.9,43.0
Município 121,2023,10469,8834.21,0.667,17.6,8.4,15.8,71.0,0.639,23.9,43.0
Município 122,2020,6176,4036.82,0.643,20.6,5.9,11.1,70.0,0.488,13.2,59.3
Município 122,2021,6237,4117.55,0.645,20.3,6.0,10.9,70.0,0.488,14.2,59.3
Município 122,2022,6299,4198.29,0.647,20.0,6.1,10.7,70.0,0.488,15.2,59.3
Município 122,2023,6361,4279.03,0.649,19.7,6.2,10.5,70.0,0.488,16.2,59.3
Município 123,2020,37781,4596.96,0.643,21.5,8.3,16.8,71.4,0.35,28.0,61.1
Município 123,2021,38158,4688.9,0.645,21.2,8.4,16.6,71.4,0.35,29.0,61.1
Município 123,2022,38536,4780.84,0.647,20.9,8.5,16.4,71.4,0.35,30.0,61.1
Município 123,2023,38914,4872.78,0.649,20.6,8.6,16.2,71.4,0.35,31.0,61.1
Município 124,2020,45694,7922.56,0.602,28.2,5.7,20.7,72.6,0.572,54.8,71.6
Município 124,2021,46150,8081.01,0.604,27.9,5.8,20.5,72.6,0.572,55.8,71.6
Município 124,2022,46607,8239.46,0.606,27.6,5.9,20.3,72.6,0.572,56.8,71.6
Município 124,2023,47064,8397.91,0.608,27.3,6.0,20.1,72.6,0.572,57.8,71.6
Município 125,2020,11813,11847.51,0.596,17.0,3.0,26.6,68.9,0.543,26.2,72.2
Município 125,2021,11931,12084.46,0.598,16.7,3.1,26.4,68.9,0.543,27.2,72.2
Município 125,2022,12049,12321.41,0.6,16.4,3.2,26.2,68.9,0.543,28.2,72.2
Município 125,2023,12167,12558.36,0.602,16.1,3.3,26.0,68.9,0.543,29.2,72.2
Município 126,2020,22859,3000.0,0.618,22.5,9.3,10.8,68.7,0.61,39.2,50.0
Município 126,2021,23087,3060.0,0.62,22.2,9.4,10.6,68.7,0.61,40.2,50.0
Município 126,2022,23316,3120.0,0.622,21.9,9.5,10.4,68.7,0.61,41.2,50.0
Município 126,2023,23544,3180.0,0.624,21.6,9.6,10.2,68.7,0.61,42.2,50.0
Município 127,2020,44798,3000.0,0.523,20.9,4.2,14.1,71.5,0.491,27.0,62.8
Município 127,2021,45245,3060.0,0.525,20.6,4.3,13.9,71.5,0.491,,62.8
Município 127,2022,45693,3120.0,0.527,20.3,4.4,13.7,71.5,0.491,29.0,62.8
Município 127,2023,46141,3180.0,0.529,20.0,4.5,13.5,71.5,0.491,30.0,62.8
Município 128,2020,30875,7744.07,0.624,11.4,7.0,25.7,70.1,0.605,33.2,57.1
Município 128,2021,31183,7898.95,0.626,11.1,7.1,25.5,70.1,0.605,34.2,57.1
Município 128,2022,31492,8053.83,0.628,10.8,7.2,25.3,70.1,0.605,35.2,57.1
Município 128,2023,31801,8208.72,0.63,10.5,7.3,25.1,70.1,0.605,36.2,57.1
Município 129,2020,33599,12225.39,0.608,24.9,4.8,16.1,71.1,0.522,47.0,53.3
Município 129,2021,33934,12469.9,0.61,24.6,4.9,15.9,71.1,0.522,48.0,53.3
Município 129,2022,34270,12714.4,0.612,24.3,5.0,15.7,71.1,0.522,49.0,53.3
Município 129,2023,34606,12958.91,0.614,24.0,5.1,15.5,71.1,0.522,50.0,53.3
Município 130,2020,39712,8351.93,0.639,26.0,11.3,17.5,72.0,0.463,2.8,65.5
Município 130,2021,40109,8518.97,0.641,25.7,11.4,17.3,72.0,0.463,3.8,65.5
Município 130,2022,40506,8686.01,0.643,25.4,11.5,17.1,72.0,0.463,4.8,65.5
Município 130,2023,40903,8853.05,0.645,25.1,11.6,16.9,72.0,0.463,5.8,65.5
Município 131,2020,21706,7468.51,0.583,25.8,4.8,19.5,72.1,0.462,8.5,67.4
Município 131,2021,21923,7617.88,0.585,25.5,4.9,19.3,72.1,0.462,,67.4
Município 131,2022,22140,7767.25,0.587,25.2,5.0,19.1,72.1,0.462,10.5,67.4
Município 131,2023,22357,7916.62,0.589,24.9,5.1,18.9,72.1,0.462,11.5,67.4
Município 132,2020,13807,9086.05,0.616,19.4,6.0,13.6,74.0,0.518,31.4,64.0
Município 132,2021,13945,9267.77,0.618,19.1,6.1,13.4,74.0,0.518,,64.0
Município 132,2022,14083,9449.49,0.62,18.8,6.2,13.2,74.0,0.518,33.4,64.0
Município 132,2023,14221,9631.21,0.622,18.5,6.3,13.0,74.0,0.518,34.4,64.0
Município 133,2020,46788,6461.75,0.649,17.7,6.2,18.0,70.1,0.442,14.2,57.3
Município 133,2021,47255,6590.99,0.651,17.4,6.3,17.8,70.1,0.442,15.2,57.3
Município 133,2022,47723,6720.22,0.653,17.1,6.4,17.6,70.1,0.442,16.2,57.3
Município 133,2023,48191,6849.46,0.655,16.8,6.5,17.4,70.1,,17.2,57.3
Município 134,2020,30482,4175.56,0.677,18.3,7.8,12.4,70.5,0.46,,73.1
Município 134,2021,30786,4259.08,0.679,18.0,7.9,12.2,70.5,0.46,,73.1
Município 134,2022,31091,4342.59,0.681,17.7,8.0,12.0,70.5,,38.0,73.1
Município 134,2023,31396,4426.1,0.683,17.4,8.1,11.8,70.5,0.46,39.0,73.1
Município 135,2020,25862,8934.39,0.602,21.7,6.7,17.8,71.7,0.545,13.6,65.2
Município 135,2021,26120,9113.08,0.604,21.4,6.8,17.6,71.7,0.545,14.6,65.2
Município 135,2022,26379,9291.77,0.606,21.1,6.9,17.4,71.7,0.545,15.6,65.2
Município 135,2023,26637,9470.46,0.608,20.8,7.0,17.2,71.7,0.545,16.6,65.2
Município 136,2020,13553,11253.04,0.677,28.8,7.8,13.9,74.9,0.552,21.5,72.3
Município 136,2021,13688,11478.1,0.679,28.5,7.9,13.7,74.9,0.552,22.5,72.3
Município 136,2022,13824,11703.16,0.681,28.2,8.0,13.5,74.9,0.552,23.5,72.3
Município 136,2023,13959,11928.22,0.683,27.9,8.1,13.3,74.9,,24.5,72.3
Município 137,2020,41753,8361.97,0.583,16.9,7.7,13.6,72.6,0.485,0.0,64.4
Município 137,2021,42170,8529.21,0.585,16.6,7.8,13.4,72.6,0.485,1.0,64.4
Município 137,2022,42588,8696.45,0.587,16.3,7.9,13.2,72.6,0.485,2.0,64.4
Município 137,2023,43005,8863.69,0.589,16.0,8.0,13.0,72.6,0.485,3.0,64.4
Município 138,2020,33944,6084.85,0.616,20.5,8.2,17.1,73.6,0.433,10.1,54.2
Município 138,2021,34283,6206.55,0.618,20.2,8.3,16.9,73.6,0.433,11.1,54.2
Município 138,2022,34622,6328.24,0.62,19.9,8.4,16.7,73.6,0.433,12.1,54.2
Município 138,2023,34962,6449.94,0.622,19.6,8.5,16.5,73.6,0.433,13.1,54.2
Município 139,2020,40806,13450.94,0.549,25.1,4.9,25.1,71.0,0.645,6.6,65.9
Município 139,2021,41214,13719.96,0.551,24.8,5.0,24.9,71.0,0.645,7.6,65.9
Município 139,2022,41622,13988.98,0.553,24.5,5.1,24.7,71.0,0.645,8.6,65.9
Município 139,2023,42030,14258.0,0.555,24.2,5.2,24.5,71.0,0.645,,65.9
Município 140,2020,29383,11229.45,0.613,28.1,6.6,16.5,73.5,0.538,34.7,49.5
Município 140,2021,29676,11454.04,0.615,27.8,6.7,16.3,73.5,0.538,35.7,49.5
Município 140,2022,29970,11678.63,0.617,27.5,6.8,16.1,73.5,0.538,36.7,49.5
Município 140,2023,30264,11903.22,0.619,27.2,6.9,15.9,73.5,0.538,37.7,49.5
Município 141,2020,5946,5194.82,0.608,23.7,6.3,22.1,69.7,0.536,,55.8
Município 141,2021,6005,5298.71,0.61,23.4,6.4,21.9,69.7,0.536,24.7,55.8
Município 141,2022,6064,5402.61,0.612,23.1,6.5,21.7,69.7,0.536,25.7,55.8
Município 141,2023,6124,5506.51,0.614,22.8,6.6,21.5,69.7,0.536,,55.8
Município 142,2020,21103,11390.62,0.673,26.8,6.3,22.8,74.0,0.523,,78.6
Município 142,2021,21314,11618.44,0.675,26.5,6.4,22.6,74.0,0.523,17.3,78.6
Município 142,2022,21525,11846.25,0.677,26.2,6.5,22.4,74.0,0.523,18.3,78.6
Município 142,2023,21736,12074.06,0.679,25.9,6.6,22.2,74.0,0.523,19.3,78.6
Município 143,2020,38572,10625.06,0.63,22.9,4.5,25.6,71.6,0.472,21.9,60.3
Município 143,2021,38957,10837.56,0.632,22.6,4.6,25.4,71.6,0.472,22.9,60.3
Município 143,2022,39343,11050.06,0.634,22.3,4.7,25.2,71.6,0.472,23.9,60.3
Município 143,2023,39729,11262.56,0.636,22.0,4.8,25.0,71.6,0.472,24.9,60.3
Município 144,2020,35420,8022.48,0.635,19.6,4.4,20.4,71.6,0.51,35.5,49.3
Município 144,2021,35774,8182.93,0.637,19.3,4.5,20.2,71.6,0.51,36.5,49.3
Município 144,2022,36128,8343.38,0.639,19.0,4.6,20.0,71.6,0.51,37.5,49.3
Município 144,2023,36482,8503.83,0.641,18.7,4.7,19.8,71.6,0.51,38.5,49.3
Município 145,2020,5688,13752.08,0.627,24.3,6.3,23.3,71.1,0.475,11.7,54.5
Município 145,2021,5744,14027.12,0.629,24.0,6.4,23.1,71.1,0.475,12.7,54.5
Município 145,2022,5801,14302.16,0.631,23.7,6.5,22.9,71.1,0.475,13.7,54.5
Município 145,2023,5858,14577.2,0.633,23.4,6.6,22.7,71.1,,14.7,54.5
Município 146,2020,38787,9446.72,0.628,14.5,4.6,16.2,70.6,0.588,8.4,67.3
Município 146,2021,39174,9635.66,0.63,14.2,4.7,16.0,70.6,0.588,9.4,67.3
Município 146,2022,39562,9824.59,0.632,13.9,4.8,15.8,70.6,0.588,10.4,67.3
Município 146,2023,39950,10013.53,0.634,13.6,4.9,15.6,70.6,0.588,11.4,67.3
Município 147,2020,49419,3000.0,0.574,16.7,7.2,13.3,70.0,0.51,6.8,63.0
Município 147,2021,49913,3060.0,0.576,16.4,7.3,13.1,70.0,0.51,7.8,63.0
Município 147,2022,50407,3120.0,0.578,16.1,7.4,12.9,70.0,,,63.0
Município 147,2023,50901,3180.0,0.58,15.8,7.5,12.7,70.0,,9.8,63.0
Município 148,2020,39352,11766.66,0.639,19.4,10.3,25.0,73.6,0.498,45.4,60.6
Município 148,2021,39745,12002.0,0.641,19.1,10.4,24.8,73.6,0.498,,60.6
Município 148,2022,40139,12237.33,0.643,18.8,10.5,24.6,73.6,0.498,47.4,60.6
Município 148,2023,40532,12472.66,0.645,18.5,10.6,24.4,73.6,0.498,48.4,60.6
Município 149,2020,36820,5400.57,0.668,25.5,5.8,21.8,70.5,0.429,8.1,58.9
Município 149,2021,37188,5508.59,0.67,25.2,5.9,21.6,70.5,0.429,9.1,58.9
Município 149,2022,37556,5616.6,0.672,24.9,6.0,21.4,70.5,0.429,10.1,58.9
Município 149,2023,37924,5724.61,0.674,24.6,6.1,21.2,70.5,0.429,11.1,58.9
Município 150,2020,36530,9767.19,0.608,25.2,7.5,21.2,70.5,0.529,30.2,69.9
Município 150,2021,36895,9962.53,0.61,24.9,7.6,21.0,70.5,0.529,31.2,69.9
Município 150,2022,37260,10157.87,0.612,24.6,7.7,20.8,70.5,,32.2,69.9
Município 150,2023,37625,10353.22,0.614,24.3,7.8,20.6,70.5,0.529,33.2,69.9
Município 151,2020,48951,4253.61,0.659,23.9,7.5,12.8,67.9,0.53,5.6,63.9
Município 151,2021,49440,4338.68,0.661,23.6,7.6,12.6,67.9,0.53,6.6,63.9
Município 151,2022,49930,4423.76,0.663,23.3,7.7,12.4,67.9,0.53,7.6,63.9
Município 151,2023,50419,4508.83,0.665,23.0,7.8,12.2,67.9,0.53,8.6,63.9
Município 152,2020,48074,11748.95,0.579,25.9,6.0,20.9,70.1,0.548,23.6,64.4
Município 152,2021,48554,11983.93,0.581,25.6,6.1,20.7,70.1,0.548,24.6,64.4
Município 152,2022,49035,12218.91,0.583,25.3,6.2,20.5,70.1,0.548,25.6,64.4
Município 152,2023,49516,12453.89,0.585,25.0,6.3,20.3,70.1,0.548,26.6,64.4
Município 153,2020,15988,10013.12,0.604,16.4,3.9,21.7,68.7,0.374,,69.9
Município 153,2021,16147,10213.38,0.606,16.1,4.0,21.5,68.7,0.374,21.4,69.9
Município 153,2022,16307,10413.64,0.608,15.8,4.1,21.3,68.7,0.374,22.4,69.9
Município 153,2023,16467,10613.9,0.61,15.5,4.2,21.1,68.7,0.374,23.4,69.9
Município 154,2020,44598,11902.27,0.609,12.6,7.5,17.3,70.4,0.475,56.0,63.2
Município 154,2021,45043,12140.32,0.611,12.3,7.6,17.1,70.4,0.475,57.0,63.2
Município 154,2022,45489,12378.36,0.613,12.0,7.7,16.9,70.4,0.475,58.0,63.2
Município 154,2023,45935,12616.41,0.615,11.7,7.8,16.7,70.4,0.475,59.0,63.2
Município 155,2020,6662,3000.0,0.539,18.2,9.1,18.2,74.2,0.431,39.2,52.2
Município 155,2021,6728,3060.0,0.541,17.9,9.2,18.0,74.2,0.431,40.2,52.2
Município 155,2022,6795,3120.0,0.543,17.6,9.3,17.8,74.2,0.431,41.2,52.2
Município 155,2023,6861,3180.0,0.545,17.3,9.4,17.6,74.2,0.431,42.2,52.2
Município 156,2020,31066,3000.0,0.693,19.3,3.0,23.7,71.9,0.587,8.8,75.1
Município 156,2021,31376,3060.0,0.695,19.0,3.1,23.5,71.9,0.587,9.8,75.1
Município 156,2022,31687,3120.0,0.697,18.7,3.2,23.3,71.9,0.587,10.8,75.1
Município 156,2023,31997,3180.0,0.699,18.4,3.3,23.1,71.9,0.587,11.8,75.1
Município 157,2020,36246,5931.45,0.5,26.9,7.6,18.1,70.0,0.526,43.6,61.4
Município 157,2021,36608,6050.08,0.502,26.6,7.7,17.9,70.0,0.526,44.6,61.4
Município 157,2022,36970,6168.71,0.504,26.3,7.8,17.7,70.0,0.526,45.6,61.4
Município 157,2023,37333,6287.33,0.506,26.0,7.9,17.5,70.0,0.526,46.6,61.4
Município 158,2020,41199,13813.3,0.587,25.1,7.7,12.6,70.7,0.57,27.9,55.3
Município 158,2021,41610,14089.56,0.589,24.8,7.8,12.4,70.7,0.57,28.9,55.3
Município 158,2022,42022,14365.83,0.591,24.5,7.9,12.2,70.7,0.57,29.9,55.3
Município 158,2023,42434,14642.09,0.593,24.2,8.0,12.0,70.7,0.57,30.9,55.3
Município 159,2020,20726,8197.13,0.649,24.2,4.9,15.9,71.2,0.404,,70.2
Município 159,2021,20933,8361.07,0.651,23.9,5.0,15.7,71.2,0.404,,70.2
Município 159,2022,21140,8525.02,0.653,23.6,5.1,15.5,71.2,0.404,3.1,70.2
Município 159,2023,21347,8688.96,0.655,23.3,5.2,15.3,71.2,0.404,4.1,70.2
Município 160,2020,44409,11179.03,0.556,23.8,5.0,19.6,69.9,0.67,16.3,59.5
Município 160,2021,44853,11402.61,0.558,23.5,5.1,19.4,69.9,0.67,17.3,59.5
Município 160,2022,45297,11626.19,0.56,23.2,5.2,19.2,69.9,0.67,18.3,59.5
Município 160,2023,45741,11849.77,0.562,22.9,5.3,19.0,69.9,0.67,19.3,59.5
Município 161,2020,19313,3000.0,0.686,25.1,8.9,10.1,74.7,0.515,48.5,55.9
Município 161,2021,19506,3060.0,0.688,24.8,9.0,9.9,74.7,0.515,,55.9
Município 161,2022,19699,3120.0,0.69,24.5,9.1,9.7,74.7,0.515,50.5,55.9
Município 161,2023,19892,3180.0,0.692,24.2,9.2,9.5,74.7,0.515,51.5,55.9
Município 162,2020,7892,10695.26,0.674,20.1,6.0,15.2,69.8,0.461,,59.0
Município 162,2021,7970,10909.16,0.676,19.8,6.1,15.0,69.8,0.461,29.2,59.0
Município 162,2022,8049,11123.07,0.678,19.5,6.2,14.8,69.8,0.461,30.2,59.0
Município 162,2023,8128,11336.97,0.68,19.2,6.3,14.6,69.8,0.461,31.2,59.0
Município 163,2020,22359,7239.79,0.636,12.1,8.2,11.3,70.4,0.515,,57.0
Município 163,2021,22582,7384.59,0.638,11.8,8.3,11.1,70.4,0.515,13.4,57.0
Município 163,2022,22806,7529.38,0.64,11.5,8.4,10.9,70.4,0.515,14.4,57.0
Município 163,2023,23029,7674.18,0.642,11.2,8.5,10.7,70.4,0.515,15.4,57.0
Município 164,2020,26501,7947.59,0.616,20.9,5.4,21.0,75.0,0.606,23.8,51.0
Município 164,2021,26766,8106.55,0.618,20.6,5.5,20.8,75.0,0.606,24.8,51.0
Município 164,2022,27031,8265.5,0.62,20.3,5.6,20.6,75.0,0.606,25.8,51.0
Município 164,2023,27296,8424.45,0.622,20.0,5.7,20.4,75.0,0.606,,51.0
Município 165,2020,32532,5454.9,0.557,10.8,7.3,24.3,71.4,0.547,11.4,65.2
Município 165,2021,32857,5564.0,0.559,10.5,7.4,24.1,71.4,0.547,,65.2
Município 165,2022,33182,5673.1,0.561,10.2,7.5,23.9,71.4,0.547,13.4,65.2
Município 165,2023,33507,5782.2,0.563,9.9,7.6,23.7,71.4,0.547,14.4,65.2
Município 166,2020,38902,8021.53,0.576,27.5,6.0,17.6,69.4,,59.0,70.0
Município 166,2021,39291,8181.96,-0.2,27.2,6.1,17.4,69.4,0.503,60.0,70.0
Município 166,2022,39680,8342.39,0.58,26.9,6.2,17.2,69.4,0.503,61.0,70.0
Município 166,2023,40069,8502.82,0.582,26.6,6.3,17.0,69.4,0.503,62.0,70.0
Município 167,2020,22280,11245.05,0.623,19.9,5.0,26.9,69.7,0.456,29.4,59.5
Município 167,2021,22502,11469.95,0.625,19.6,5.1,26.7,69.7,0.456,30.4,59.5
Município 167,2022,22725,11694.85,0.627,19.3,5.2,26.5,69.7,0.456,31.4,59.5
Município 167,2023,22948,11919.75,0.629,19.0,5.3,26.3,69.7,0.456,32.4,59.5
Município 168,2020,30000,7612.63,0.628,18.8,6.7,22.4,65.0,0.601,43.9,55.5
Município 168,2021,30300,7764.88,0.63,18.5,6.8,22.2,65.0,0.601,44.9,55.5
Município 168,2022,30600,7917.14,0.632,18.2,6.9,22.0,65.0,0.601,45.9,55.5
Município 168,2023,30900,8069.39,0.634,17.9,7.0,21.8,65.0,0.601,,55.5
Município 169,2020,41709,6753.77,0.593,12.3,5.5,15.4,70.3,0.536,27.0,78.5
Município 169,2021,42126,6888.85,0.595,12.0,5.6,15.2,70.3,0.536,28.0,78.5
Município 169,2022,42543,7023.92,0.597,11.7,5.7,15.0,70.3,0.536,29.0,78.5
Município 169,2023,42960,7159.0,0.599,11.4,5.8,14.8,70.3,0.536,30.0,78.5
Município 170,2020,17245,6824.03,0.532,34.4,7.5,22.2,70.0,0.35,44.3,51.1
Município 170,2021,17417,6960.51,0.534,34.1,7.6,22.0,70.0,0.35,45.3,51.1
Município 170,2022,17589,7096.99,0.536,33.8,7.7,21.8,70.0,0.35,46.3,51.1
Município 170,2023,17762,7233.47,0.538,33.5,7.8,21.6,70.0,0.35,47.3,51.1
Município 171,2020,9479,3000.0,0.578,19.3,6.3,17.7,74.7,0.612,24.2,56.1
Município 171,2021,9573,3060.0,0.58,19.0,6.4,17.5,74.7,,25.2,56.1
Município 171,2022,9668,3120.0,0.582,18.7,6.5,17.3,74.7,0.612,26.2,56.1
Município 171,2023,9763,3180.0,0.584,18.4,6.6,17.1,74.7,0.612,27.2,56.1
Município 172,2020,24323,5909.71,0.588,16.2,5.9,11.7,70.6,0.487,41.8,63.9
Município 172,2021,24566,6027.9,0.59,15.9,6.0,11.5,70.6,0.487,42.8,63.9
Município 172,2022,24809,6146.1,0.592,15.6,6.1,11.3,70.6,0.487,,63.9
Município 172,2023,25052,6264.29,0.594,15.3,6.2,11.1,70.6,0.487,44.8,63.9
Município 173,2020,14961,11634.55,0.589,18.6,10.0,21.1,72.9,0.527,52.9,64.0
Município 173,2021,15110,11867.24,0.591,18.3,10.1,20.9,72.9,0.527,53.9,64.0
Município 173,2022,15260,12099.94,0.593,18.0,10.2,20.7,72.9,0.527,54.9,64.0
Município 173,2023,15409,12332.63,0.595,17.7,10.3,20.5,72.9,0.527,55.9,64.0
Município 174,2020,27493,12051.17,0.632,24.1,7.6,20.2,70.7,0.478,35.6,53.6
Município 174,2021,27767,12292.19,0.634,23.8,7.7,20.0,70.7,0.478,36.6,53.6
Município 174,2022,28042,12533.21,0.636,23.5,7.8,19.8,70.7,0.478,37.6,53.6
Município 174,2023,28317,12774.24,0.638,23.2,7.9,19.6,70.7,0.478,38.6,53.6
Município 175,2020,40819,10402.22,0.79,24.7,8.2,22.5,70.4,0.52,19.9,63.1
Município 175,2021,41227,10610.26,0.792,24.4,8.3,22.3,70.4,0.52,20.9,63.1
Município 175,2022,41635,10818.31,0.794,24.1,8.4,22.1,70.4,0.52,,63.1
Município 175,2023,42043,11026.35,0.796,23.8,8.5,21.9,70.4,,22.9,63.1
Município 176,2020,22661,8159.33,0.629,18.6,6.5,16.0,74.1,0.533,9.6,72.1
Município 176,2021,22887,8322.52,0.631,18.3,6.6,15.8,74.1,0.533,10.6,72.1
Município 176,2022,23114,8485.7,0.633,18.0,6.7,15.6,74.1,0.533,11.6,72.1
Município 176,2023,23340,8648.89,0.635,17.7,6.8,15.4,74.1,0.533,12.6,72.1
Município 177,2020,6286,8005.61,0.694,21.6,5.4,15.6,72.6,0.466,34.0,54.4
Município 177,2021,6348,8165.72,0.696,21.3,5.5,15.4,72.6,,35.0,54.4
Município 177,2022,6411,8325.84,0.698,21.0,5.6,15.2,72.6,0.466,,54.4
Município 177,2023,6474,8485.95,0.7,20.7,5.7,15.0,72.6,,37.0,54.4
Município 178,2020,29903,5023.0,0.518,20.1,8.3,20.3,69.3,0.545,2.6,56.8
Município 178,2021,30202,5123.46,0.52,19.8,8.4,20.1,69.3,0.545,3.6,56.8
Município 178,2022,30501,5223.92,0.522,19.5,8.5,19.9,69.3,0.545,4.6,56.8
Município 178,2023,30800,5324.38,0.524,19.2,8.6,19.7,69.3,0.545,5.6,56.8
Município 179,2020,31216,9041.55,0.606,24.4,8.2,11.4,67.1,0.442,24.3,50.3
Município 179,2021,31528,9222.39,0.608,24.1,8.3,11.2,67.1,0.442,25.3,50.3
Município 179,2022,31840,9403.22,0.61,23.8,8.4,11.0,67.1,0.442,,50.3
Município 179,2023,32152,9584.05,0.612,23.5,8.5,10.8,67.1,,27.3,50.3
Município 180,2020,7508,6399.46,0.572,27.8,5.6,22.8,72.6,0.522,23.8,66.4
Município 180,2021,7583,6527.45,0.574,27.5,5.7,22.6,72.6,0.522,24.8,66.4
Município 180,2022,7658,6655.44,0.576,27.2,5.8,22.4,72.6,,25.8,66.4
Município 180,2023,7733,6783.43,0.578,26.9,5.9,22.2,72.6,0.522,26.8,66.4
Município 181,2020,37472,7944.0,0.626,15.9,7.3,20.7,71.3,0.539,31.8,50.2
Município 181,2021,37846,8102.88,0.628,15.6,7.4,20.5,71.3,0.539,32.8,50.2
Município 181,2022,38221,8261.76,0.63,15.3,7.5,20.3,71.3,0.539,33.8,50.2
Município 181,2023,38596,8420.64,0.632,15.0,7.6,20.1,71.3,0.539,34.8,50.2
Município 182,2020,17707,6883.8,0.619,26.2,7.3,15.2,74.3,0.642,0.6,61.3
Município 182,2021,17884,7021.48,0.621,25.9,7.4,15.0,74.3,0.642,1.6,61.3
Município 182,2022,18061,7159.16,0.623,25.6,7.5,14.8,74.3,,2.6,61.3
Município 182,2023,18238,7296.83,0.625,25.3,7.6,14.6,74.3,0.642,,61.3
Município 183,2020,17392,14148.96,0.686,22.0,6.6,14.9,68.8,0.543,21.6,45.3
Município 183,2021,17565,14431.93,0.688,21.7,6.7,14.7,68.8,0.543,22.6,45.3
Município 183,2022,17739,14714.91,0.69,21.4,6.8,14.5,68.8,0.543,23.6,45.3
Município 183,2023,17913,14997.89,0.692,21.1,6.9,14.3,68.8,,24.6,45.3
Município 184,2020,27237,6787.25,0.625,24.4,5.3,15.3,72.7,0.504,8.6,81.7
Município 184,2021,27509,6923.0,0.627,24.1,5.4,15.1,72.7,0.504,9.6,81.7
Município 184,2022,27781,7058.74,0.629,23.8,5.5,14.9,72.7,0.504,10.6,81.7
Município 184,2023,28054,7194.49,0.631,23.5,5.6,14.7,72.7,0.504,11.6,81.7
